Sample,Box_Type,Channel,Quality,Usability,Reason,Baseline_Std,Noise_to_Signal,Mean_Resistance,High_Freq_Noise,Has_Drift
UNKNOWN071106_014919_0001VRP_PREGNANCY_CHIP_TEST_10_A_CLEANED,Taurus,T1,DEAD,EXCLUDE,No measurable signal variation,0.0,0.0,0.0,0.0,False
UNKNOWN071106_014919_0001VRP_PREGNANCY_CHIP_TEST_10_A_CLEANED,Taurus,T2,DEAD,EXCLUDE,No measurable signal variation,0.0,0.0,0.0,0.0,False
UNKNOWN071106_014919_0001VRP_PREGNANCY_CHIP_TEST_10_A_CLEANED,Taurus,T3,POOR,MARGINAL,Significant drift persists after baseline correction,85.72718938586456,0.02985137871225764,117554.07435897437,0.0,True
UNKNOWN071106_014919_0001VRP_PREGNANCY_CHIP_TEST_10_A_CLEANED,Taurus,T4,DEAD,EXCLUDE,Sensor saturated or unstable,104026.53885766295,0.09177786499537958,20596544.948717948,0.0,True
UNKNOWN071106_014919_0001VRP_PREGNANCY_CHIP_TEST_10_A_CLEANED,Taurus,T5,POOR,MARGINAL,Significant drift persists after baseline correction,117.45030778423367,0.07889984400391406,127126.36153846153,0.0,True
UNKNOWN071106_014919_0001VRP_PREGNANCY_CHIP_TEST_10_A_CLEANED,Taurus,T6,POOR,MARGINAL,Significant drift persists after baseline correction,11.003217648084462,0.021184477566581417,20772.202564102565,0.0,True
UNKNOWN071106_014919_0001VRP_PREGNANCY_CHIP_TEST_10_A_CLEANED,Taurus,T7,POOR,MARGINAL,Significant drift persists after baseline correction,0.3617089069035531,0.02870705610322897,1176.1320512820512,0.0,True
UNKNOWN071106_014919_0001VRP_PREGNANCY_CHIP_TEST_10_A_CLEANED,Taurus,T8,DEAD,EXCLUDE,Sensor saturated or unstable,493635.74708076613,0.020793228969810812,92745474.97435898,0.0,True
UNKNOWN071106_014919_0001VRP_PREGNANCY_CHIP_TEST_10_A_CLEANED,Taurus,T9,POOR,MARGINAL,Significant drift persists after baseline correction,0.28722813232693706,0.02930899309428648,1144.5987179487179,0.0,True
UNKNOWN071106_014919_0001VRP_PREGNANCY_CHIP_TEST_10_A_CLEANED,Taurus,T10,POOR,MARGINAL,Significant drift persists after baseline correction,2.321704653912702,0.07713304498023242,2002.9615384615388,0.0,True
UNKNOWN071106_014919_0001VRP_PREGNANCY_CHIP_TEST_10_A_CLEANED,Taurus,T11,DEAD,EXCLUDE,Sensor saturated or unstable,1209.9072110887096,0.029750182844598884,339915.54999999993,0.0,True
UNKNOWN071106_014919_0001VRP_PREGNANCY_CHIP_TEST_10_A_CLEANED,Taurus,T12,DEAD,EXCLUDE,Sensor saturated or unstable,48408.684114038646,0.03504589472917326,8931512.974358974,0.0,True
UNKNOWN071106_014919_0001VRP_PREGNANCY_CHIP_TEST_10_A_CLEANED,Taurus,T13,DEAD,EXCLUDE,Sensor saturated or unstable,43116.04580498334,0.05541010813799222,11693305.217948718,0.0,True
UNKNOWN071106_014919_0001VRP_PREGNANCY_CHIP_TEST_10_A_CLEANED,Taurus,T14,DEAD,EXCLUDE,Sensor saturated or unstable,27719.677536753727,0.029608144189444897,6992279.102564103,0.0,True
UNKNOWN071106_014919_0001VRP_PREGNANCY_CHIP_TEST_10_A_CLEANED,Taurus,T15,DEAD,EXCLUDE,Sensor saturated or unstable,272513.5860878207,0.13432599124574401,35509662.87179487,0.0,True
UNKNOWN071106_014919_0001VRP_PREGNANCY_CHIP_TEST_10_A_CLEANED,Taurus,T16,DEAD,EXCLUDE,No measurable signal variation,0.0,0.0,0.0,0.0,False
UNKNOWN071106_014919_0001VRP_PREGNANCY_CHIP_TEST_10_A_CLEANED,Taurus,T17,POOR,MARGINAL,Significant drift persists after baseline correction,0.6005133799046499,0.014505154103942063,1239.9384615384618,0.0,True
UNKNOWN071106_014919_0001VRP_PREGNANCY_CHIP_TEST_10_A_CLEANED,Taurus,T18,POOR,MARGINAL,Significant drift persists after baseline correction,148.25396425278316,0.0729739930364124,137628.30897435898,0.0,True
UNKNOWN071106_014919_0001VRP_PREGNANCY_CHIP_TEST_10_A_CLEANED,Taurus,T19,DEAD,EXCLUDE,No measurable signal variation,0.0,0.0,0.0,0.0,False
UNKNOWN071106_014919_0001VRP_PREGNANCY_CHIP_TEST_10_A_CLEANED,Taurus,T20,POOR,MARGINAL,Significant drift persists after baseline correction,296.938979714036,0.2495914766025147,50792.3923076923,0.0,True
UNKNOWN071106_014919_0001VRP_PREGNANCY_CHIP_TEST_10_A_CLEANED,Taurus,T21,DEAD,EXCLUDE,Sensor saturated or unstable,260087.03778852467,0.15441884193070854,14879286.525641026,0.0,True
UNKNOWN071106_014919_0001VRP_PREGNANCY_CHIP_TEST_10_A_CLEANED,Taurus,T22,DEAD,EXCLUDE,Sensor saturated or unstable,29370.651995527118,0.2706049733779917,6088931.525641026,0.0,True
UNKNOWN071106_014919_0001VRP_PREGNANCY_CHIP_TEST_10_A_CLEANED,Taurus,T23,DEAD,EXCLUDE,Sensor saturated or unstable,56057.16103042399,0.11894207280833777,27243183.307692308,0.0,True
UNKNOWN071106_014919_0001VRP_PREGNANCY_CHIP_TEST_10_A_CLEANED,Taurus,T24,DEAD,EXCLUDE,No measurable signal variation,0.0,0.0,0.0,0.0,False
UNKNOWN071106_014919_0001VRP_PREGNANCY_CHIP_TEST_10_A_CLEANED,Taurus,T25,DEAD,EXCLUDE,No measurable signal variation,0.0,0.0,0.0,0.0,False
UNKNOWN071106_014919_0001VRP_PREGNANCY_CHIP_TEST_10_A_CLEANED,Taurus,T26,DEAD,EXCLUDE,Sensor saturated or unstable,69934502.78861538,0.25405839063894586,96853395.8974359,0.0,True
UNKNOWN071106_014919_0001VRP_PREGNANCY_CHIP_TEST_10_A_CLEANED,Taurus,T27,POOR,EXCLUDE,Resistance too low (100Ω < 1kΩ) - not sensitive,0.0,0.0,99.9948717948718,0.0,False
UNKNOWN071106_014919_0001VRP_PREGNANCY_CHIP_TEST_10_A_CLEANED,Taurus,T28,POOR,MARGINAL,Significant drift persists after baseline correction,573.7861339384327,0.25117585971738826,999250.5615384611,0.0,True
UNKNOWN950104_041744_0001VRP_PREGNANCY_CHIP_TEST_10_CLEANED,Taurus,T1,DEAD,EXCLUDE,No measurable signal variation,0.0,0.0,0.0,0.0,False
UNKNOWN950104_041744_0001VRP_PREGNANCY_CHIP_TEST_10_CLEANED,Taurus,T2,DEAD,EXCLUDE,No measurable signal variation,0.0,0.0,0.0,0.0,False
UNKNOWN950104_041744_0001VRP_PREGNANCY_CHIP_TEST_10_CLEANED,Taurus,T3,POOR,MARGINAL,Significant drift persists after baseline correction,263.1668441523484,0.11086310731836659,130772.2625,0.0,True
UNKNOWN950104_041744_0001VRP_PREGNANCY_CHIP_TEST_10_CLEANED,Taurus,T4,DEAD,EXCLUDE,Sensor saturated or unstable,479741.4133238864,0.1741083978270761,29067560.125,0.0,True
UNKNOWN950104_041744_0001VRP_PREGNANCY_CHIP_TEST_10_CLEANED,Taurus,T5,DEAD,EXCLUDE,No measurable signal variation,0.0,0.0,0.0,0.0,False
UNKNOWN950104_041744_0001VRP_PREGNANCY_CHIP_TEST_10_CLEANED,Taurus,T6,POOR,MARGINAL,Significant drift persists after baseline correction,51.9619005725441,0.13915881245991027,20652.525,0.0,True
UNKNOWN950104_041744_0001VRP_PREGNANCY_CHIP_TEST_10_CLEANED,Taurus,T7,POOR,MARGINAL,Significant drift persists after baseline correction,4.113379465232936,0.12242200789347335,1679.41875,0.0,True
UNKNOWN950104_041744_0001VRP_PREGNANCY_CHIP_TEST_10_CLEANED,Taurus,T8,DEAD,EXCLUDE,Sensor saturated or unstable,128421.85884186803,0.058827452738477705,23542090.5,0.0,True
UNKNOWN950104_041744_0001VRP_PREGNANCY_CHIP_TEST_10_CLEANED,Taurus,T9,POOR,MARGINAL,Significant drift persists after baseline correction,3.8892729969036757,0.12921172747145307,1194.7625,0.0,True
UNKNOWN950104_041744_0001VRP_PREGNANCY_CHIP_TEST_10_CLEANED,Taurus,T10,POOR,MARGINAL,Significant drift persists after baseline correction,2.404198078939802,0.22897124561113377,1949.45,0.0,True
UNKNOWN950104_041744_0001VRP_PREGNANCY_CHIP_TEST_10_CLEANED,Taurus,T11,DEAD,EXCLUDE,Sensor saturated or unstable,181279.318875392,0.1203135776489027,4167918.175,0.0,True
UNKNOWN950104_041744_0001VRP_PREGNANCY_CHIP_TEST_10_CLEANED,Taurus,T12,DEAD,EXCLUDE,Sensor saturated or unstable,34116.38863590779,0.10887786368691357,4444116.25,0.0,True
UNKNOWN950104_041744_0001VRP_PREGNANCY_CHIP_TEST_10_CLEANED,Taurus,T13,DEAD,EXCLUDE,Sensor saturated or unstable,12923.744633440829,0.02164581928539385,8562591.6875,0.0,True
UNKNOWN950104_041744_0001VRP_PREGNANCY_CHIP_TEST_10_CLEANED,Taurus,T14,DEAD,EXCLUDE,Sensor saturated or unstable,15014.987437192962,0.021237711130384605,7080483.5,0.0,True
UNKNOWN950104_041744_0001VRP_PREGNANCY_CHIP_TEST_10_CLEANED,Taurus,T15,DEAD,EXCLUDE,Sensor saturated or unstable,288113.112680864,0.24756622175017656,33062911.125,0.0,True
UNKNOWN950104_041744_0001VRP_PREGNANCY_CHIP_TEST_10_CLEANED,Taurus,T16,DEAD,EXCLUDE,No measurable signal variation,0.0,0.0,0.0,0.0,False
UNKNOWN950104_041744_0001VRP_PREGNANCY_CHIP_TEST_10_CLEANED,Taurus,T17,POOR,MARGINAL,Significant drift persists after baseline correction,3.850728646777263,0.12584080544982648,1356.9,0.0,True
UNKNOWN950104_041744_0001VRP_PREGNANCY_CHIP_TEST_10_CLEANED,Taurus,T18,POOR,MARGINAL,Significant drift persists after baseline correction,223.6587350222118,0.10959365691013354,129075.83125,0.0,True
UNKNOWN950104_041744_0001VRP_PREGNANCY_CHIP_TEST_10_CLEANED,Taurus,T19,DEAD,EXCLUDE,No measurable signal variation,0.0,0.0,0.0,0.0,False
UNKNOWN950104_041744_0001VRP_PREGNANCY_CHIP_TEST_10_CLEANED,Taurus,T20,POOR,MARGINAL,Significant drift persists after baseline correction,253.98424815822716,0.11239235691575165,100372.35625000001,0.0,True
UNKNOWN950104_041744_0001VRP_PREGNANCY_CHIP_TEST_10_CLEANED,Taurus,T21,DEAD,EXCLUDE,Sensor saturated or unstable,128018.6915461957,0.08175281274582655,25993034.125,0.0,True
UNKNOWN950104_041744_0001VRP_PREGNANCY_CHIP_TEST_10_CLEANED,Taurus,T22,DEAD,EXCLUDE,Sensor saturated or unstable,9551.850306436052,0.16751901202985006,6315309.4375,0.0,True
UNKNOWN950104_041744_0001VRP_PREGNANCY_CHIP_TEST_10_CLEANED,Taurus,T23,DEAD,EXCLUDE,Sensor saturated or unstable,278461.38621216407,0.16047501787205634,45873498.75,0.0,True
UNKNOWN950104_041744_0001VRP_PREGNANCY_CHIP_TEST_10_CLEANED,Taurus,T24,DEAD,EXCLUDE,No measurable signal variation,0.0,0.0,0.0,0.0,False
UNKNOWN950104_041744_0001VRP_PREGNANCY_CHIP_TEST_10_CLEANED,Taurus,T25,DEAD,EXCLUDE,No measurable signal variation,0.0,0.0,0.0,0.0,False
UNKNOWN950104_041744_0001VRP_PREGNANCY_CHIP_TEST_10_CLEANED,Taurus,T26,DEAD,EXCLUDE,Sensor saturated or unstable,2733151.53772558,0.349400636342501,46805947.5,0.0,True
UNKNOWN950104_041744_0001VRP_PREGNANCY_CHIP_TEST_10_CLEANED,Taurus,T27,DEAD,EXCLUDE,No measurable signal variation,0.0,0.0,99.99375,0.0,True
UNKNOWN950104_041744_0001VRP_PREGNANCY_CHIP_TEST_10_CLEANED,Taurus,T28,POOR,MARGINAL,Significant drift persists after baseline correction,108.52919372512362,0.4114071028243492,999595.35625,0.0,True
UNKNOWN950104_041201_0001VRP_PREGNANCY_CHIP_TEST_10_CLEANED,Taurus,T1,DEAD,EXCLUDE,No measurable signal variation,0.0,0.0,0.0,0.0,False
UNKNOWN950104_041201_0001VRP_PREGNANCY_CHIP_TEST_10_CLEANED,Taurus,T2,DEAD,EXCLUDE,No measurable signal variation,0.0,0.0,0.0,0.0,False
UNKNOWN950104_041201_0001VRP_PREGNANCY_CHIP_TEST_10_CLEANED,Taurus,T3,DEAD,EXCLUDE,Sensor saturated or unstable,3588.184085350293,0.22957031896035,133005.15625,0.0,True
UNKNOWN950104_041201_0001VRP_PREGNANCY_CHIP_TEST_10_CLEANED,Taurus,T4,DEAD,EXCLUDE,Sensor saturated or unstable,104773.02317727714,0.04181791240454924,31750289.625,0.0,True
UNKNOWN950104_041201_0001VRP_PREGNANCY_CHIP_TEST_10_CLEANED,Taurus,T5,DEAD,EXCLUDE,No measurable signal variation,0.0,0.0,0.0,0.0,False
UNKNOWN950104_041201_0001VRP_PREGNANCY_CHIP_TEST_10_CLEANED,Taurus,T6,POOR,MARGINAL,Significant drift persists after baseline correction,132.69069487701296,0.1336126219685825,22905.112500000003,0.0,True
UNKNOWN950104_041201_0001VRP_PREGNANCY_CHIP_TEST_10_CLEANED,Taurus,T7,POOR,MARGINAL,Significant drift persists after baseline correction,8.876687730761121,0.1295866822007031,1850.5875,0.0,True
UNKNOWN950104_041201_0001VRP_PREGNANCY_CHIP_TEST_10_CLEANED,Taurus,T8,DEAD,EXCLUDE,Sensor saturated or unstable,819980.5087966764,0.14442368801992467,32366311.375,0.0,True
UNKNOWN950104_041201_0001VRP_PREGNANCY_CHIP_TEST_10_CLEANED,Taurus,T9,POOR,MARGINAL,Significant drift persists after baseline correction,9.042947009963013,0.1327892365631387,1356.48125,0.0,True
UNKNOWN950104_041201_0001VRP_PREGNANCY_CHIP_TEST_10_CLEANED,Taurus,T10,POOR,MARGINAL,Significant drift persists after baseline correction,24.269555831901478,0.14044881847157084,2112.1625000000004,0.0,True
UNKNOWN950104_041201_0001VRP_PREGNANCY_CHIP_TEST_10_CLEANED,Taurus,T11,DEAD,EXCLUDE,Sensor saturated or unstable,83732.23138147056,0.09967748992921163,3945259.66875,0.0,True
UNKNOWN950104_041201_0001VRP_PREGNANCY_CHIP_TEST_10_CLEANED,Taurus,T12,DEAD,EXCLUDE,Sensor saturated or unstable,235242.7880564502,0.12491880721925407,5804281.4375,0.0,True
UNKNOWN950104_041201_0001VRP_PREGNANCY_CHIP_TEST_10_CLEANED,Taurus,T13,DEAD,EXCLUDE,Sensor saturated or unstable,218882.54165837273,0.11910581437185458,12064008.9375,0.0,True
UNKNOWN950104_041201_0001VRP_PREGNANCY_CHIP_TEST_10_CLEANED,Taurus,T14,DEAD,EXCLUDE,Sensor saturated or unstable,1031351.3147923787,0.14116831876697583,14819121.25,0.0,True
UNKNOWN950104_041201_0001VRP_PREGNANCY_CHIP_TEST_10_CLEANED,Taurus,T15,DEAD,EXCLUDE,Sensor saturated or unstable,315652.2564798167,0.23936841503055817,35690521.0,0.0,True
UNKNOWN950104_041201_0001VRP_PREGNANCY_CHIP_TEST_10_CLEANED,Taurus,T16,DEAD,EXCLUDE,No measurable signal variation,0.0,0.0,0.0,0.0,False
UNKNOWN950104_041201_0001VRP_PREGNANCY_CHIP_TEST_10_CLEANED,Taurus,T17,POOR,MARGINAL,Significant drift persists after baseline correction,10.377736670525785,0.13892552437097572,1522.5562499999999,0.0,True
UNKNOWN950104_041201_0001VRP_PREGNANCY_CHIP_TEST_10_CLEANED,Taurus,T18,POOR,MARGINAL,Significant drift persists after baseline correction,762.379557182679,0.1300656072989279,141645.225,0.0,True
UNKNOWN950104_041201_0001VRP_PREGNANCY_CHIP_TEST_10_CLEANED,Taurus,T19,DEAD,EXCLUDE,No measurable signal variation,0.0,0.0,0.0,0.0,False
UNKNOWN950104_041201_0001VRP_PREGNANCY_CHIP_TEST_10_CLEANED,Taurus,T20,POOR,MARGINAL,Significant drift persists after baseline correction,378.4318260928853,0.1630258157467242,103545.00625,0.0,True
UNKNOWN950104_041201_0001VRP_PREGNANCY_CHIP_TEST_10_CLEANED,Taurus,T21,DEAD,EXCLUDE,Sensor saturated or unstable,361647.32547866175,0.17490335894248665,30995815.125,0.0,True
UNKNOWN950104_041201_0001VRP_PREGNANCY_CHIP_TEST_10_CLEANED,Taurus,T22,DEAD,EXCLUDE,Sensor saturated or unstable,9577.315021461522,0.09441219837503893,6413089.75,0.0,True
UNKNOWN950104_041201_0001VRP_PREGNANCY_CHIP_TEST_10_CLEANED,Taurus,T23,DEAD,EXCLUDE,Sensor saturated or unstable,84857.34701487343,0.034692065389136224,49713592.5,0.0,True
UNKNOWN950104_041201_0001VRP_PREGNANCY_CHIP_TEST_10_CLEANED,Taurus,T24,DEAD,EXCLUDE,No measurable signal variation,0.0,0.0,0.0,0.0,False
UNKNOWN950104_041201_0001VRP_PREGNANCY_CHIP_TEST_10_CLEANED,Taurus,T25,DEAD,EXCLUDE,No measurable signal variation,0.0,0.0,0.0,0.0,False
UNKNOWN950104_041201_0001VRP_PREGNANCY_CHIP_TEST_10_CLEANED,Taurus,T26,DEAD,EXCLUDE,Sensor saturated or unstable,13596805.615568085,0.2836626585362106,51395102.25,0.0,True
UNKNOWN950104_041201_0001VRP_PREGNANCY_CHIP_TEST_10_CLEANED,Taurus,T27,DEAD,EXCLUDE,No measurable signal variation,0.0,0.0,100.0,0.0,False
UNKNOWN950104_041201_0001VRP_PREGNANCY_CHIP_TEST_10_CLEANED,Taurus,T28,POOR,MARGINAL,Significant drift persists after baseline correction,61.92409062714774,0.21345774087256592,999578.69375,0.0,True
UNKNOWN071106_015035_0001VRP_PREGNANCY_CHIP_TEST_10_A_CLEANED,Taurus,T1,DEAD,EXCLUDE,No measurable signal variation,0.0,0.0,0.0,0.0,False
UNKNOWN071106_015035_0001VRP_PREGNANCY_CHIP_TEST_10_A_CLEANED,Taurus,T2,DEAD,EXCLUDE,No measurable signal variation,0.0,0.0,0.0,0.0,False
UNKNOWN071106_015035_0001VRP_PREGNANCY_CHIP_TEST_10_A_CLEANED,Taurus,T3,POOR,MARGINAL,Significant drift persists after baseline correction,70.61933994035446,0.04985481111214224,114367.87435897435,0.0,True
UNKNOWN071106_015035_0001VRP_PREGNANCY_CHIP_TEST_10_A_CLEANED,Taurus,T4,DEAD,EXCLUDE,Sensor saturated or unstable,59349.859220325845,0.09357486672499146,19886101.717948716,0.0,True
UNKNOWN071106_015035_0001VRP_PREGNANCY_CHIP_TEST_10_A_CLEANED,Taurus,T5,POOR,MARGINAL,Significant drift persists after baseline correction,78.01994242927076,0.1467367734234653,126518.62307692308,0.0,True
UNKNOWN071106_015035_0001VRP_PREGNANCY_CHIP_TEST_10_A_CLEANED,Taurus,T6,POOR,MARGINAL,Significant drift persists after baseline correction,8.952901453967296,0.029714243126333712,19956.54743589744,0.0,True
UNKNOWN071106_015035_0001VRP_PREGNANCY_CHIP_TEST_10_A_CLEANED,Taurus,T7,POOR,MARGINAL,Significant drift persists after baseline correction,0.23387864107265022,0.028178149526485986,1157.398717948718,0.0,True
UNKNOWN071106_015035_0001VRP_PREGNANCY_CHIP_TEST_10_A_CLEANED,Taurus,T8,DEAD,EXCLUDE,Sensor saturated or unstable,345589.97065219283,0.015473887712740468,110011286.46153846,0.0,True
UNKNOWN071106_015035_0001VRP_PREGNANCY_CHIP_TEST_10_A_CLEANED,Taurus,T9,POOR,MARGINAL,Significant drift persists after baseline correction,0.28720093140519826,0.07762187335065744,1154.5935897435897,0.0,True
UNKNOWN071106_015035_0001VRP_PREGNANCY_CHIP_TEST_10_A_CLEANED,Taurus,T10,POOR,MARGINAL,Significant drift persists after baseline correction,0.8949462662330577,0.1162267878209649,1988.921794871795,0.0,True
UNKNOWN071106_015035_0001VRP_PREGNANCY_CHIP_TEST_10_A_CLEANED,Taurus,T11,DEAD,EXCLUDE,Sensor saturated or unstable,471.9795387069768,0.017802822877127852,322353.18461538455,0.0,True
UNKNOWN071106_015035_0001VRP_PREGNANCY_CHIP_TEST_10_A_CLEANED,Taurus,T12,DEAD,EXCLUDE,Sensor saturated or unstable,35868.64649026722,0.029207901406190992,9277763.858974358,0.0,True
UNKNOWN071106_015035_0001VRP_PREGNANCY_CHIP_TEST_10_A_CLEANED,Taurus,T13,DEAD,EXCLUDE,Sensor saturated or unstable,15568.175539203141,0.019012940010262498,12927124.948717948,0.0,True
UNKNOWN071106_015035_0001VRP_PREGNANCY_CHIP_TEST_10_A_CLEANED,Taurus,T14,DEAD,EXCLUDE,Sensor saturated or unstable,12656.267382373773,0.011508271288282445,7581149.442307692,0.0,True
UNKNOWN071106_015035_0001VRP_PREGNANCY_CHIP_TEST_10_A_CLEANED,Taurus,T15,DEAD,EXCLUDE,Sensor saturated or unstable,342997.3041491883,0.1602752195503606,36866821.07692308,0.0,True
UNKNOWN071106_015035_0001VRP_PREGNANCY_CHIP_TEST_10_A_CLEANED,Taurus,T16,DEAD,EXCLUDE,No measurable signal variation,0.0,0.0,0.0,0.0,False
UNKNOWN071106_015035_0001VRP_PREGNANCY_CHIP_TEST_10_A_CLEANED,Taurus,T17,POOR,MARGINAL,Significant drift persists after baseline correction,0.3750925811642765,0.0286330214627035,1167.0461538461536,0.0,True
UNKNOWN071106_015035_0001VRP_PREGNANCY_CHIP_TEST_10_A_CLEANED,Taurus,T18,POOR,MARGINAL,Significant drift persists after baseline correction,52.21877337671774,0.02833510954295679,134946.45384615383,0.0,True
UNKNOWN071106_015035_0001VRP_PREGNANCY_CHIP_TEST_10_A_CLEANED,Taurus,T19,DEAD,EXCLUDE,No measurable signal variation,0.0,0.0,0.0,0.0,False
UNKNOWN071106_015035_0001VRP_PREGNANCY_CHIP_TEST_10_A_CLEANED,Taurus,T20,POOR,MARGINAL,Significant drift persists after baseline correction,175.1839826952483,0.15746874849009665,51158.33717948718,0.0,True
UNKNOWN071106_015035_0001VRP_PREGNANCY_CHIP_TEST_10_A_CLEANED,Taurus,T21,DEAD,EXCLUDE,Sensor saturated or unstable,152259.69553717365,0.12171963141659331,14672489.833333334,0.0,True
UNKNOWN071106_015035_0001VRP_PREGNANCY_CHIP_TEST_10_A_CLEANED,Taurus,T22,DEAD,EXCLUDE,Sensor saturated or unstable,22256.63464715278,0.167064885526381,6072800.493589744,0.0,True
UNKNOWN071106_015035_0001VRP_PREGNANCY_CHIP_TEST_10_A_CLEANED,Taurus,T23,DEAD,EXCLUDE,Sensor saturated or unstable,82229.44488109395,0.1582699034573901,27140917.974358976,0.0,True
UNKNOWN071106_015035_0001VRP_PREGNANCY_CHIP_TEST_10_A_CLEANED,Taurus,T24,DEAD,EXCLUDE,No measurable signal variation,0.0,0.0,0.0,0.0,False
UNKNOWN071106_015035_0001VRP_PREGNANCY_CHIP_TEST_10_A_CLEANED,Taurus,T25,DEAD,EXCLUDE,No measurable signal variation,0.0,0.0,0.0,0.0,False
UNKNOWN071106_015035_0001VRP_PREGNANCY_CHIP_TEST_10_A_CLEANED,Taurus,T26,DEAD,EXCLUDE,Sensor saturated or unstable,37058139.530968755,0.1065902237688158,97403470.76923077,0.0,True
UNKNOWN071106_015035_0001VRP_PREGNANCY_CHIP_TEST_10_A_CLEANED,Taurus,T27,DEAD,EXCLUDE,No measurable signal variation,0.05270462766947,0.5270462761676837,99.96025641025638,0.0,True
UNKNOWN071106_015035_0001VRP_PREGNANCY_CHIP_TEST_10_A_CLEANED,Taurus,T28,POOR,MARGINAL,Significant drift persists after baseline correction,133.30405941661093,0.14234282906203596,998739.3564102562,0.0,True
UNKNOWN950104_041600_0001VRP_PREGNANCY_CHIP_TEST_10_CLEANED,Taurus,T1,DEAD,EXCLUDE,No measurable signal variation,0.0,0.0,0.0,0.0,False
UNKNOWN950104_041600_0001VRP_PREGNANCY_CHIP_TEST_10_CLEANED,Taurus,T2,DEAD,EXCLUDE,No measurable signal variation,0.0,0.0,0.0,0.0,False
UNKNOWN950104_041600_0001VRP_PREGNANCY_CHIP_TEST_10_CLEANED,Taurus,T3,POOR,MARGINAL,Significant drift persists after baseline correction,280.5316831606409,0.1033989470202462,133436.44374999998,0.0,True
UNKNOWN950104_041600_0001VRP_PREGNANCY_CHIP_TEST_10_CLEANED,Taurus,T4,DEAD,EXCLUDE,Sensor saturated or unstable,118511.39964938498,0.09890406448207212,29156718.25,0.0,True
UNKNOWN950104_041600_0001VRP_PREGNANCY_CHIP_TEST_10_CLEANED,Taurus,T5,DEAD,EXCLUDE,No measurable signal variation,0.0,0.0,0.0,0.0,False
UNKNOWN950104_041600_0001VRP_PREGNANCY_CHIP_TEST_10_CLEANED,Taurus,T6,POOR,MARGINAL,Significant drift persists after baseline correction,66.88527772788483,0.13836424850614562,21117.79375,0.0,True
UNKNOWN950104_041600_0001VRP_PREGNANCY_CHIP_TEST_10_CLEANED,Taurus,T7,POOR,MARGINAL,Significant drift persists after baseline correction,5.3548867868518055,0.1302892162247873,1719.675,0.0,True
UNKNOWN950104_041600_0001VRP_PREGNANCY_CHIP_TEST_10_CLEANED,Taurus,T8,DEAD,EXCLUDE,Sensor saturated or unstable,254814.79359131437,0.10304723624242128,24776141.5,0.0,True
UNKNOWN950104_041600_0001VRP_PREGNANCY_CHIP_TEST_10_CLEANED,Taurus,T9,POOR,MARGINAL,Significant drift persists after baseline correction,4.626052432810401,0.12708935254938683,1231.5,0.0,True
UNKNOWN950104_041600_0001VRP_PREGNANCY_CHIP_TEST_10_CLEANED,Taurus,T10,POOR,MARGINAL,Significant drift persists after baseline correction,7.012129496055062,0.21509599681084574,1972.20625,0.0,True
UNKNOWN950104_041600_0001VRP_PREGNANCY_CHIP_TEST_10_CLEANED,Taurus,T11,DEAD,EXCLUDE,Sensor saturated or unstable,37154.957075108636,0.03205258603557115,6086496.375,0.0,True
UNKNOWN950104_041600_0001VRP_PREGNANCY_CHIP_TEST_10_CLEANED,Taurus,T12,DEAD,EXCLUDE,Sensor saturated or unstable,21659.72075463463,0.04703593921000889,4725043.71875,0.0,True
UNKNOWN950104_041600_0001VRP_PREGNANCY_CHIP_TEST_10_CLEANED,Taurus,T13,DEAD,EXCLUDE,Sensor saturated or unstable,90694.7213269755,0.1392591066123143,8706871.125,0.0,True
UNKNOWN950104_041600_0001VRP_PREGNANCY_CHIP_TEST_10_CLEANED,Taurus,T14,DEAD,EXCLUDE,Sensor saturated or unstable,136329.5990109597,0.14071795891882263,7847885.40625,0.0,True
UNKNOWN950104_041600_0001VRP_PREGNANCY_CHIP_TEST_10_CLEANED,Taurus,T15,DEAD,EXCLUDE,Sensor saturated or unstable,112139.73302625612,0.033448128143041676,35386391.125,0.0,True
UNKNOWN950104_041600_0001VRP_PREGNANCY_CHIP_TEST_10_CLEANED,Taurus,T16,DEAD,EXCLUDE,No measurable signal variation,0.0,0.0,0.0,0.0,False
UNKNOWN950104_041600_0001VRP_PREGNANCY_CHIP_TEST_10_CLEANED,Taurus,T17,POOR,MARGINAL,Significant drift persists after baseline correction,4.204551105647289,0.11877263010269493,1394.09375,0.0,True
UNKNOWN950104_041600_0001VRP_PREGNANCY_CHIP_TEST_10_CLEANED,Taurus,T18,POOR,MARGINAL,Significant drift persists after baseline correction,276.8630519650576,0.10598034449741467,130686.00625,0.0,True
UNKNOWN950104_041600_0001VRP_PREGNANCY_CHIP_TEST_10_CLEANED,Taurus,T19,DEAD,EXCLUDE,No measurable signal variation,0.0,0.0,0.0,0.0,False
UNKNOWN950104_041600_0001VRP_PREGNANCY_CHIP_TEST_10_CLEANED,Taurus,T20,POOR,MARGINAL,Significant drift persists after baseline correction,244.34205442882723,0.1151904838906355,101547.3875,0.0,True
UNKNOWN950104_041600_0001VRP_PREGNANCY_CHIP_TEST_10_CLEANED,Taurus,T21,DEAD,EXCLUDE,Sensor saturated or unstable,491889.7490806311,0.21139854681663475,26558845.125,0.0,True
UNKNOWN950104_041600_0001VRP_PREGNANCY_CHIP_TEST_10_CLEANED,Taurus,T22,DEAD,EXCLUDE,Sensor saturated or unstable,18410.88629504676,0.25129855854997385,6324279.8125,0.0,True
UNKNOWN950104_041600_0001VRP_PREGNANCY_CHIP_TEST_10_CLEANED,Taurus,T23,DEAD,EXCLUDE,Sensor saturated or unstable,373199.7960609185,0.20475467614558354,46871355.25,0.0,True
UNKNOWN950104_041600_0001VRP_PREGNANCY_CHIP_TEST_10_CLEANED,Taurus,T24,DEAD,EXCLUDE,No measurable signal variation,0.0,0.0,0.0,0.0,False
UNKNOWN950104_041600_0001VRP_PREGNANCY_CHIP_TEST_10_CLEANED,Taurus,T25,DEAD,EXCLUDE,No measurable signal variation,0.0,0.0,0.0,0.0,False
UNKNOWN950104_041600_0001VRP_PREGNANCY_CHIP_TEST_10_CLEANED,Taurus,T26,DEAD,EXCLUDE,Sensor saturated or unstable,5186949.0173401255,0.09574502874705139,49828356.75,0.0,True
UNKNOWN950104_041600_0001VRP_PREGNANCY_CHIP_TEST_10_CLEANED,Taurus,T27,DEAD,EXCLUDE,No measurable signal variation,0.0,0.0,100.0,0.0,False
UNKNOWN950104_041600_0001VRP_PREGNANCY_CHIP_TEST_10_CLEANED,Taurus,T28,POOR,MARGINAL,Significant drift persists after baseline correction,67.37266890678964,0.24805842749179166,999587.2124999999,0.0,True
UNKNOWN950104_041356_0001VRP_PREGNANCY_CHIP_TEST_10_CLEANED,Taurus,T1,DEAD,EXCLUDE,No measurable signal variation,0.0,0.0,0.0,0.0,False
UNKNOWN950104_041356_0001VRP_PREGNANCY_CHIP_TEST_10_CLEANED,Taurus,T2,DEAD,EXCLUDE,No measurable signal variation,0.0,0.0,0.0,0.0,False
UNKNOWN950104_041356_0001VRP_PREGNANCY_CHIP_TEST_10_CLEANED,Taurus,T3,POOR,MARGINAL,Significant drift persists after baseline correction,160.39512513914343,0.07972717225327272,136290.48125,0.0,True
UNKNOWN950104_041356_0001VRP_PREGNANCY_CHIP_TEST_10_CLEANED,Taurus,T4,DEAD,EXCLUDE,Sensor saturated or unstable,99460.84942491191,0.07114591399108423,29704543.0,0.0,True
UNKNOWN950104_041356_0001VRP_PREGNANCY_CHIP_TEST_10_CLEANED,Taurus,T5,DEAD,EXCLUDE,No measurable signal variation,0.0,0.0,0.0,0.0,False
UNKNOWN950104_041356_0001VRP_PREGNANCY_CHIP_TEST_10_CLEANED,Taurus,T6,POOR,MARGINAL,Significant drift persists after baseline correction,84.34764289007283,0.12427824206580272,21873.85625,0.0,True
UNKNOWN950104_041356_0001VRP_PREGNANCY_CHIP_TEST_10_CLEANED,Taurus,T7,POOR,MARGINAL,Significant drift persists after baseline correction,6.768161267615086,0.12867226744490876,1777.65,0.0,True
UNKNOWN950104_041356_0001VRP_PREGNANCY_CHIP_TEST_10_CLEANED,Taurus,T8,DEAD,EXCLUDE,Sensor saturated or unstable,361475.17050651927,0.1370571859701886,27363637.125,0.0,True
UNKNOWN950104_041356_0001VRP_PREGNANCY_CHIP_TEST_10_CLEANED,Taurus,T9,POOR,MARGINAL,Significant drift persists after baseline correction,5.850731791835978,0.12448365514518148,1286.09375,0.0,True
UNKNOWN950104_041356_0001VRP_PREGNANCY_CHIP_TEST_10_CLEANED,Taurus,T10,POOR,MARGINAL,Significant drift persists after baseline correction,6.965997899519521,0.11345273451967695,1978.225,0.0,True
UNKNOWN950104_041356_0001VRP_PREGNANCY_CHIP_TEST_10_CLEANED,Taurus,T11,DEAD,EXCLUDE,Sensor saturated or unstable,215109.1918308123,0.14389638286362458,5611341.125,0.0,True
UNKNOWN950104_041356_0001VRP_PREGNANCY_CHIP_TEST_10_CLEANED,Taurus,T12,DEAD,EXCLUDE,Sensor saturated or unstable,45177.85036545898,0.09049361299712556,4831032.0625,0.0,True
UNKNOWN950104_041356_0001VRP_PREGNANCY_CHIP_TEST_10_CLEANED,Taurus,T13,DEAD,EXCLUDE,Sensor saturated or unstable,167687.4768060364,0.12673104470307534,10039090.0,0.0,True
UNKNOWN950104_041356_0001VRP_PREGNANCY_CHIP_TEST_10_CLEANED,Taurus,T14,DEAD,EXCLUDE,Sensor saturated or unstable,260594.7383830429,0.15067991688906351,9403047.25,0.0,True
UNKNOWN950104_041356_0001VRP_PREGNANCY_CHIP_TEST_10_CLEANED,Taurus,T15,DEAD,EXCLUDE,Sensor saturated or unstable,384080.5549721308,0.27329925041493697,35869764.75,0.0,True
UNKNOWN950104_041356_0001VRP_PREGNANCY_CHIP_TEST_10_CLEANED,Taurus,T16,DEAD,EXCLUDE,No measurable signal variation,0.0,0.0,0.0,0.0,False
UNKNOWN950104_041356_0001VRP_PREGNANCY_CHIP_TEST_10_CLEANED,Taurus,T17,POOR,MARGINAL,Significant drift persists after baseline correction,6.374166612193281,0.1290317127971734,1447.3375,0.0,True
UNKNOWN950104_041356_0001VRP_PREGNANCY_CHIP_TEST_10_CLEANED,Taurus,T18,POOR,MARGINAL,Significant drift persists after baseline correction,407.77083413163024,0.08879060079077221,135381.57499999998,0.0,True
UNKNOWN950104_041356_0001VRP_PREGNANCY_CHIP_TEST_10_CLEANED,Taurus,T19,DEAD,EXCLUDE,No measurable signal variation,0.0,0.0,0.0,0.0,False
UNKNOWN950104_041356_0001VRP_PREGNANCY_CHIP_TEST_10_CLEANED,Taurus,T20,POOR,MARGINAL,Significant drift persists after baseline correction,241.57705994283654,0.14010152522346583,103155.20625,0.0,True
UNKNOWN950104_041356_0001VRP_PREGNANCY_CHIP_TEST_10_CLEANED,Taurus,T21,DEAD,EXCLUDE,Sensor saturated or unstable,293451.6500050732,0.13975352179993772,29346182.125,0.0,True
UNKNOWN950104_041356_0001VRP_PREGNANCY_CHIP_TEST_10_CLEANED,Taurus,T22,DEAD,EXCLUDE,Sensor saturated or unstable,21051.567074426133,0.19779358721461696,6387841.15625,0.0,True
UNKNOWN950104_041356_0001VRP_PREGNANCY_CHIP_TEST_10_CLEANED,Taurus,T23,DEAD,EXCLUDE,Sensor saturated or unstable,128827.03695372997,0.10229986385676099,48301719.25,0.0,True
UNKNOWN950104_041356_0001VRP_PREGNANCY_CHIP_TEST_10_CLEANED,Taurus,T24,DEAD,EXCLUDE,No measurable signal variation,0.0,0.0,0.0,0.0,False
UNKNOWN950104_041356_0001VRP_PREGNANCY_CHIP_TEST_10_CLEANED,Taurus,T25,DEAD,EXCLUDE,No measurable signal variation,0.0,0.0,0.0,0.0,False
UNKNOWN950104_041356_0001VRP_PREGNANCY_CHIP_TEST_10_CLEANED,Taurus,T26,DEAD,EXCLUDE,Sensor saturated or unstable,22450929.91937647,0.41691203574963565,67757354.75,0.0,True
UNKNOWN950104_041356_0001VRP_PREGNANCY_CHIP_TEST_10_CLEANED,Taurus,T27,DEAD,EXCLUDE,No measurable signal variation,0.0,0.0,100.0,0.0,False
UNKNOWN950104_041356_0001VRP_PREGNANCY_CHIP_TEST_10_CLEANED,Taurus,T28,POOR,EXCLUDE,Resistance too high (1.00e+06Ω > 1MΩ) - not sensitive,786.406851137266,0.4401448766649081,1000138.125,0.0,True
UNKNOWN071106_015111_0001VRP_PREGNANCY_CHIP_TEST_10_A_CLEANED,Taurus,T1,DEAD,EXCLUDE,No measurable signal variation,0.0,0.0,0.0,0.0,False
UNKNOWN071106_015111_0001VRP_PREGNANCY_CHIP_TEST_10_A_CLEANED,Taurus,T2,DEAD,EXCLUDE,No measurable signal variation,0.0,0.0,0.0,0.0,False
UNKNOWN071106_015111_0001VRP_PREGNANCY_CHIP_TEST_10_A_CLEANED,Taurus,T3,POOR,MARGINAL,Significant drift persists after baseline correction,114.20920071420561,0.07935051810894006,113260.96153846153,0.0,True
UNKNOWN071106_015111_0001VRP_PREGNANCY_CHIP_TEST_10_A_CLEANED,Taurus,T4,DEAD,EXCLUDE,Sensor saturated or unstable,130114.84569862802,0.2473967283065392,19190967.512820512,0.0,True
UNKNOWN071106_015111_0001VRP_PREGNANCY_CHIP_TEST_10_A_CLEANED,Taurus,T5,POOR,MARGINAL,Significant drift persists after baseline correction,169.11447158655176,0.2258774830860556,126254.59230769229,0.0,True
UNKNOWN071106_015111_0001VRP_PREGNANCY_CHIP_TEST_10_A_CLEANED,Taurus,T6,POOR,MARGINAL,Significant drift persists after baseline correction,14.154828387043432,0.05230904799348957,19721.842307692306,0.0,True
UNKNOWN071106_015111_0001VRP_PREGNANCY_CHIP_TEST_10_A_CLEANED,Taurus,T7,POOR,MARGINAL,Significant drift persists after baseline correction,0.38078865529313266,0.05216282949149572,1151.6653846153845,0.0,True
UNKNOWN071106_015111_0001VRP_PREGNANCY_CHIP_TEST_10_A_CLEANED,Taurus,T8,DEAD,EXCLUDE,Sensor saturated or unstable,627565.8513052192,0.025767916299529944,117988429.74358974,0.0,True
UNKNOWN071106_015111_0001VRP_PREGNANCY_CHIP_TEST_10_A_CLEANED,Taurus,T9,POOR,MARGINAL,Significant drift persists after baseline correction,0.43301270189224117,0.10561285411747938,1161.3102564102564,0.0,True
UNKNOWN071106_015111_0001VRP_PREGNANCY_CHIP_TEST_10_A_CLEANED,Taurus,T10,POOR,MARGINAL,Significant drift persists after baseline correction,0.8395350651205986,0.06996125542613355,1994.883333333333,0.0,True
UNKNOWN071106_015111_0001VRP_PREGNANCY_CHIP_TEST_10_A_CLEANED,Taurus,T11,DEAD,EXCLUDE,Sensor saturated or unstable,606.9920229603568,0.023590370298297917,338042.0551282051,0.0,True
UNKNOWN071106_015111_0001VRP_PREGNANCY_CHIP_TEST_10_A_CLEANED,Taurus,T12,DEAD,EXCLUDE,Sensor saturated or unstable,15481.92956679209,0.013126497694070403,8982852.102564102,0.0,True
UNKNOWN071106_015111_0001VRP_PREGNANCY_CHIP_TEST_10_A_CLEANED,Taurus,T13,DEAD,EXCLUDE,Sensor saturated or unstable,30134.571260753728,0.01790106971967585,12039719.705128206,0.0,True
UNKNOWN071106_015111_0001VRP_PREGNANCY_CHIP_TEST_10_A_CLEANED,Taurus,T14,DEAD,EXCLUDE,Sensor saturated or unstable,33152.42436117512,0.03076308621773023,7864342.743589744,0.0,True
UNKNOWN071106_015111_0001VRP_PREGNANCY_CHIP_TEST_10_A_CLEANED,Taurus,T15,DEAD,EXCLUDE,Sensor saturated or unstable,206140.43590057179,0.08717727724488068,36215992.820512824,0.0,True
UNKNOWN071106_015111_0001VRP_PREGNANCY_CHIP_TEST_10_A_CLEANED,Taurus,T16,DEAD,EXCLUDE,No measurable signal variation,0.0,0.0,0.0,0.0,False
UNKNOWN071106_015111_0001VRP_PREGNANCY_CHIP_TEST_10_A_CLEANED,Taurus,T17,POOR,MARGINAL,Significant drift persists after baseline correction,0.3427827300200472,0.021423920626119055,1152.2884615384614,0.0,True
UNKNOWN071106_015111_0001VRP_PREGNANCY_CHIP_TEST_10_A_CLEANED,Taurus,T18,POOR,MARGINAL,Significant drift persists after baseline correction,43.485869247588816,0.05747537569069883,136207.12051282052,0.0,True
UNKNOWN071106_015111_0001VRP_PREGNANCY_CHIP_TEST_10_A_CLEANED,Taurus,T19,DEAD,EXCLUDE,No measurable signal variation,0.0,0.0,0.0,0.0,False
UNKNOWN071106_015111_0001VRP_PREGNANCY_CHIP_TEST_10_A_CLEANED,Taurus,T20,POOR,MARGINAL,Significant drift persists after baseline correction,221.88801930503388,0.1700421636179145,50820.932051282056,0.0,True
UNKNOWN071106_015111_0001VRP_PREGNANCY_CHIP_TEST_10_A_CLEANED,Taurus,T21,DEAD,EXCLUDE,Sensor saturated or unstable,205388.86492047727,0.16634125366916322,13983145.346153846,0.0,True
UNKNOWN071106_015111_0001VRP_PREGNANCY_CHIP_TEST_10_A_CLEANED,Taurus,T22,DEAD,EXCLUDE,Sensor saturated or unstable,21299.689377705294,0.19078904852835252,6031397.538461538,0.0,True
UNKNOWN071106_015111_0001VRP_PREGNANCY_CHIP_TEST_10_A_CLEANED,Taurus,T23,DEAD,EXCLUDE,Sensor saturated or unstable,146081.85534382676,0.2394384141403023,26985884.948717948,0.0,True
UNKNOWN071106_015111_0001VRP_PREGNANCY_CHIP_TEST_10_A_CLEANED,Taurus,T24,DEAD,EXCLUDE,No measurable signal variation,0.0,0.0,0.0,0.0,False
UNKNOWN071106_015111_0001VRP_PREGNANCY_CHIP_TEST_10_A_CLEANED,Taurus,T25,DEAD,EXCLUDE,No measurable signal variation,0.0,0.0,0.0,0.0,False
UNKNOWN071106_015111_0001VRP_PREGNANCY_CHIP_TEST_10_A_CLEANED,Taurus,T26,DEAD,EXCLUDE,Sensor saturated or unstable,45665457.25962327,0.2335974312244857,69196916.66666667,0.0,True
UNKNOWN071106_015111_0001VRP_PREGNANCY_CHIP_TEST_10_A_CLEANED,Taurus,T27,DEAD,EXCLUDE,No measurable signal variation,0.05270462766947,0.5270462761676837,99.94487179487179,0.0,False
UNKNOWN071106_015111_0001VRP_PREGNANCY_CHIP_TEST_10_A_CLEANED,Taurus,T28,POOR,MARGINAL,Significant drift persists after baseline correction,640.4685589202197,0.33632755286465915,998726.6,0.0,True
UNKNOWN071106_014955_0001VRP_PREGNANCY_CHIP_TEST_10_A_CLEANED,Taurus,T1,DEAD,EXCLUDE,No measurable signal variation,0.0,0.0,0.0,0.0,False
UNKNOWN071106_014955_0001VRP_PREGNANCY_CHIP_TEST_10_A_CLEANED,Taurus,T2,DEAD,EXCLUDE,No measurable signal variation,0.0,0.0,0.0,0.0,False
UNKNOWN071106_014955_0001VRP_PREGNANCY_CHIP_TEST_10_A_CLEANED,Taurus,T3,POOR,MARGINAL,Significant drift persists after baseline correction,64.95027738960226,0.03673450449046938,115358.78205128205,0.0,True
UNKNOWN071106_014955_0001VRP_PREGNANCY_CHIP_TEST_10_A_CLEANED,Taurus,T4,DEAD,EXCLUDE,Sensor saturated or unstable,80923.31618845409,0.10973158923727205,20037599.128205128,0.0,True
UNKNOWN071106_014955_0001VRP_PREGNANCY_CHIP_TEST_10_A_CLEANED,Taurus,T5,POOR,MARGINAL,Significant drift persists after baseline correction,98.83380611141291,0.156258981994304,126538.44230769228,0.0,True
UNKNOWN071106_014955_0001VRP_PREGNANCY_CHIP_TEST_10_A_CLEANED,Taurus,T6,POOR,MARGINAL,Significant drift persists after baseline correction,10.753856714703,0.02827729875019745,20289.02820512821,0.0,True
UNKNOWN071106_014955_0001VRP_PREGNANCY_CHIP_TEST_10_A_CLEANED,Taurus,T7,POOR,MARGINAL,Significant drift persists after baseline correction,0.24867705518962482,0.02590385991531633,1164.9307692307696,0.0,True
UNKNOWN071106_014955_0001VRP_PREGNANCY_CHIP_TEST_10_A_CLEANED,Taurus,T8,DEAD,EXCLUDE,Sensor saturated or unstable,433918.3640464505,0.018334165598230905,103503020.71794872,0.0,True
UNKNOWN071106_014955_0001VRP_PREGNANCY_CHIP_TEST_10_A_CLEANED,Taurus,T9,POOR,MARGINAL,Significant drift persists after baseline correction,0.254514788917596,0.09426473663265379,1143.6141025641025,0.0,True
UNKNOWN071106_014955_0001VRP_PREGNANCY_CHIP_TEST_10_A_CLEANED,Taurus,T10,POOR,MARGINAL,Significant drift persists after baseline correction,1.2673483637106346,0.1173470707128616,1981.8128205128207,0.0,True
UNKNOWN071106_014955_0001VRP_PREGNANCY_CHIP_TEST_10_A_CLEANED,Taurus,T11,DEAD,EXCLUDE,Sensor saturated or unstable,631.7293871675546,0.025867331664102832,318076.0012820513,0.0,True
UNKNOWN071106_014955_0001VRP_PREGNANCY_CHIP_TEST_10_A_CLEANED,Taurus,T12,DEAD,EXCLUDE,Sensor saturated or unstable,18647.286145263613,0.01664912478505987,8983714.923076924,0.0,True
UNKNOWN071106_014955_0001VRP_PREGNANCY_CHIP_TEST_10_A_CLEANED,Taurus,T13,DEAD,EXCLUDE,Sensor saturated or unstable,51922.06099749664,0.06512938934526569,12393410.602564102,0.0,True
UNKNOWN071106_014955_0001VRP_PREGNANCY_CHIP_TEST_10_A_CLEANED,Taurus,T14,DEAD,EXCLUDE,Sensor saturated or unstable,22421.025997529305,0.02151123003445218,7311897.5,0.0,True
UNKNOWN071106_014955_0001VRP_PREGNANCY_CHIP_TEST_10_A_CLEANED,Taurus,T15,DEAD,EXCLUDE,Sensor saturated or unstable,198229.84655128024,0.09247158002358567,36676425.179487176,0.0,True
UNKNOWN071106_014955_0001VRP_PREGNANCY_CHIP_TEST_10_A_CLEANED,Taurus,T16,DEAD,EXCLUDE,No measurable signal variation,0.0,0.0,0.0,0.0,False
UNKNOWN071106_014955_0001VRP_PREGNANCY_CHIP_TEST_10_A_CLEANED,Taurus,T17,POOR,MARGINAL,Significant drift persists after baseline correction,0.5362114095549904,0.022817506789476964,1195.9089743589745,0.0,True
UNKNOWN071106_014955_0001VRP_PREGNANCY_CHIP_TEST_10_A_CLEANED,Taurus,T18,POOR,MARGINAL,Significant drift persists after baseline correction,92.62972491322182,0.08357066484411,136087.12435897437,0.0,True
UNKNOWN071106_014955_0001VRP_PREGNANCY_CHIP_TEST_10_A_CLEANED,Taurus,T19,DEAD,EXCLUDE,No measurable signal variation,0.0,0.0,0.0,0.0,False
UNKNOWN071106_014955_0001VRP_PREGNANCY_CHIP_TEST_10_A_CLEANED,Taurus,T20,POOR,MARGINAL,Significant drift persists after baseline correction,133.86608552641968,0.1128053303500537,50338.23333333333,0.0,True
UNKNOWN071106_014955_0001VRP_PREGNANCY_CHIP_TEST_10_A_CLEANED,Taurus,T21,DEAD,EXCLUDE,Sensor saturated or unstable,217354.087383201,0.17767078462488015,14310755.717948718,0.0,True
UNKNOWN071106_014955_0001VRP_PREGNANCY_CHIP_TEST_10_A_CLEANED,Taurus,T22,DEAD,EXCLUDE,Sensor saturated or unstable,13959.249528007998,0.1272214786920636,6077713.967948718,0.0,True
UNKNOWN071106_014955_0001VRP_PREGNANCY_CHIP_TEST_10_A_CLEANED,Taurus,T23,DEAD,EXCLUDE,Sensor saturated or unstable,86782.56211671558,0.19019084734493605,27197343.128205128,0.0,True
UNKNOWN071106_014955_0001VRP_PREGNANCY_CHIP_TEST_10_A_CLEANED,Taurus,T24,DEAD,EXCLUDE,No measurable signal variation,0.0,0.0,0.0,0.0,False
UNKNOWN071106_014955_0001VRP_PREGNANCY_CHIP_TEST_10_A_CLEANED,Taurus,T25,DEAD,EXCLUDE,No measurable signal variation,0.0,0.0,0.0,0.0,False
UNKNOWN071106_014955_0001VRP_PREGNANCY_CHIP_TEST_10_A_CLEANED,Taurus,T26,DEAD,EXCLUDE,Sensor saturated or unstable,93117658.53518839,0.3103555152334676,73358759.28205128,0.0,True
UNKNOWN071106_014955_0001VRP_PREGNANCY_CHIP_TEST_10_A_CLEANED,Taurus,T27,DEAD,EXCLUDE,No measurable signal variation,0.033333333333331445,0.33333333300000006,99.97307692307692,0.0,False
UNKNOWN071106_014955_0001VRP_PREGNANCY_CHIP_TEST_10_A_CLEANED,Taurus,T28,POOR,MARGINAL,Significant drift persists after baseline correction,116.68982623550917,0.06245107103853515,998909.4089743588,0.0,True
UNKNOWN950425_052111_0001VRP_BOX_A_TEST_CLEANED,Taurus,T1,DEAD,EXCLUDE,No measurable signal variation,0.04983720834270024,0.3569309242690171,101.04638783269962,0.7718048149750627,False
UNKNOWN950425_052111_0001VRP_BOX_A_TEST_CLEANED,Taurus,T2,GOOD,INCLUDE,Acceptable noise level for sensor data,0.08776818103862888,0.1265975986671344,1036.9395437262356,0.8614409659191374,False
UNKNOWN950425_052111_0001VRP_BOX_A_TEST_CLEANED,Taurus,T3,POOR,MARGINAL,Significant drift persists after baseline correction,0.8659867970035438,0.13322873799849552,10127.341825095056,0.7415176682604873,True
UNKNOWN950425_052111_0001VRP_BOX_A_TEST_CLEANED,Taurus,T4,POOR,MARGINAL,Significant drift persists after baseline correction,8.917900076463964,0.1481378750240794,101060.45285171102,0.8985177859969565,True
UNKNOWN950425_052111_0001VRP_BOX_A_TEST_CLEANED,Taurus,T5,DEAD,EXCLUDE,No measurable signal variation,0.0,0.0,0.0,0.0,False
UNKNOWN950425_052111_0001VRP_BOX_A_TEST_CLEANED,Taurus,T6,DEAD,EXCLUDE,No measurable signal variation,0.009805806756908645,0.09805806747103396,190.5003802281369,0.8412998429926078,False
UNKNOWN950425_052111_0001VRP_BOX_A_TEST_CLEANED,Taurus,T7,GOOD,INCLUDE,Acceptable noise level for sensor data,0.31331481457713134,0.24101139581003167,2024.3999999999999,0.9692259569148299,False
UNKNOWN950425_052111_0001VRP_BOX_A_TEST_CLEANED,Taurus,T8,POOR,MARGINAL,Significant drift persists after baseline correction,1.406498369608107,0.16744028209418088,19779.219011406843,0.9083551215564146,True
UNKNOWN950425_052111_0001VRP_BOX_A_TEST_CLEANED,Taurus,T9,POOR,MARGINAL,Significant drift persists after baseline correction,16.39731219949475,0.16579688776015303,198522.17148288974,0.7842770832524418,True
UNKNOWN950425_052111_0001VRP_BOX_A_TEST_CLEANED,Taurus,T10,POOR,EXCLUDE,Resistance too high (1.94e+06Ω > 1MΩ) - not sensitive,171.6613031318814,0.05138329236466531,1936489.6190114066,0.8151662963699521,True
UNKNOWN950425_052111_0001VRP_BOX_A_TEST_CLEANED,Taurus,T11,POOR,EXCLUDE,Resistance too low (479Ω < 1kΩ) - not sensitive,0.054025654117252936,0.028434554797057112,478.6353612167301,0.854585942951594,True
UNKNOWN950425_052111_0001VRP_BOX_A_TEST_CLEANED,Taurus,T12,POOR,MARGINAL,Significant drift persists after baseline correction,0.4236880028495309,0.1925854558319579,4890.618631178706,0.8436315953174185,True
UNKNOWN950425_052111_0001VRP_BOX_A_TEST_CLEANED,Taurus,T13,POOR,MARGINAL,Significant drift persists after baseline correction,4.200185884173833,0.17949512325451378,48208.38821292775,0.8449285635911433,True
UNKNOWN950425_052111_0001VRP_BOX_A_TEST_CLEANED,Taurus,T14,POOR,MARGINAL,Significant drift persists after baseline correction,59.04639002530612,0.19662467540888692,472913.91596958175,0.9053634193513267,True
UNKNOWN950425_052111_0001VRP_BOX_A_TEST_CLEANED,Taurus,T15,DEAD,EXCLUDE,No measurable signal variation,0.0,0.0,0.0,0.0,False
UNKNOWN950425_052111_0001VRP_BOX_A_TEST_CLEANED,Taurus,T16,GOOD,INCLUDE,Acceptable noise level for sensor data,0.8165052778840228,0.1360842129784024,10085.692015209126,0.9053289907192358,False
UNKNOWN950425_052111_0001VRP_BOX_A_TEST_CLEANED,Taurus,T17,POOR,MARGINAL,Significant drift persists after baseline correction,0.7235496151763554,0.16826735236270957,9998.337262357414,0.7935333158223838,True
UNKNOWN950425_052111_0001VRP_BOX_A_TEST_CLEANED,Taurus,T18,POOR,MARGINAL,Significant drift persists after baseline correction,2.3803069098102685,0.16881609289314364,9809.591254752851,0.9022789226987235,True
UNKNOWN950425_052111_0001VRP_BOX_A_TEST_CLEANED,Taurus,T19,POOR,MARGINAL,Significant drift persists after baseline correction,0.9024270942803666,0.14793886791238015,10073.219771863118,0.7766005281986297,True
UNKNOWN950425_052111_0001VRP_BOX_A_TEST_CLEANED,Taurus,T20,POOR,MARGINAL,Significant drift persists after baseline correction,0.7984780598079931,0.1663495957898915,10090.06730038023,0.8097749175834159,True
UNKNOWN950425_052111_0001VRP_BOX_A_TEST_CLEANED,Taurus,T21,POOR,MARGINAL,Significant drift persists after baseline correction,0.8813900919208921,0.19160654171775257,10024.30380228137,0.8835857841330571,True
UNKNOWN950425_052111_0001VRP_BOX_A_TEST_CLEANED,Taurus,T22,POOR,MARGINAL,Significant drift persists after baseline correction,2.60555960317311,0.19739087902678684,9761.925475285172,0.8873754686912111,True
UNKNOWN950425_052111_0001VRP_BOX_A_TEST_CLEANED,Taurus,T23,POOR,MARGINAL,Significant drift persists after baseline correction,0.9432226708832494,0.15213268884966538,10043.342965779466,0.8460647598987899,True
UNKNOWN950425_052111_0001VRP_BOX_A_TEST_CLEANED,Taurus,T24,POOR,MARGINAL,Significant drift persists after baseline correction,0.7569485027650766,0.16105287292535045,9969.007604562737,0.8531268376462032,True
UNKNOWN950425_052111_0001VRP_BOX_A_TEST_CLEANED,Taurus,T25,POOR,MARGINAL,Significant drift persists after baseline correction,0.8207774769109577,0.18239499486504848,10039.32319391635,0.7664488056788279,True
UNKNOWN950425_052111_0001VRP_BOX_A_TEST_CLEANED,Taurus,T26,POOR,MARGINAL,Significant drift persists after baseline correction,0.7739577635633113,0.16825168772748367,9231.908365019011,0.9255993338527652,True
UNKNOWN950425_052111_0001VRP_BOX_A_TEST_CLEANED,Taurus,T27,POOR,EXCLUDE,Resistance too low (100Ω < 1kΩ) - not sensitive,0.0,0.0,100.10038022813688,9.173173516237097e-49,False
UNKNOWN950425_052111_0001VRP_BOX_A_TEST_CLEANED,Taurus,T28,POOR,EXCLUDE,Resistance too high (1.00e+06Ω > 1MΩ) - not sensitive,80.6168269291301,0.15575121122318034,1001034.3330798477,0.801445459464447,True
UNKNOWN950425_052029_0001VRP_BOX_A_TEST_CLEANED,Taurus,T1,DEAD,EXCLUDE,No measurable signal variation,0.049178347931155886,0.3658089102885796,101.05019011406843,0.8708073272548945,False
UNKNOWN950425_052029_0001VRP_BOX_A_TEST_CLEANED,Taurus,T2,GOOD,INCLUDE,Acceptable noise level for sensor data,0.09268338375421475,0.12899662655340516,1036.9422053231935,0.8448379873667078,False
UNKNOWN950425_052029_0001VRP_BOX_A_TEST_CLEANED,Taurus,T3,POOR,MARGINAL,Significant drift persists after baseline correction,0.9908140824373851,0.12232272622532202,10127.325095057035,0.7850743500476762,True
UNKNOWN950425_052029_0001VRP_BOX_A_TEST_CLEANED,Taurus,T4,POOR,MARGINAL,Significant drift persists after baseline correction,8.774365165909803,0.13478287505215883,101062.39809885932,0.8604262846944817,True
UNKNOWN950425_052029_0001VRP_BOX_A_TEST_CLEANED,Taurus,T5,DEAD,EXCLUDE,No measurable signal variation,0.0,0.0,0.0,0.0,False
UNKNOWN950425_052029_0001VRP_BOX_A_TEST_CLEANED,Taurus,T6,DEAD,EXCLUDE,No measurable signal variation,0.009805806756908645,0.09805806747103396,190.50152091254753,0.8289761881052552,False
UNKNOWN950425_052029_0001VRP_BOX_A_TEST_CLEANED,Taurus,T7,POOR,MARGINAL,Significant drift persists after baseline correction,0.4093058330408004,0.24076813706865452,2024.3201520912546,0.9622564985274333,True
UNKNOWN950425_052029_0001VRP_BOX_A_TEST_CLEANED,Taurus,T8,POOR,MARGINAL,Significant drift persists after baseline correction,1.5317406869525223,0.15791141102439343,19779.293155893534,0.7960139491096653,True
UNKNOWN950425_052029_0001VRP_BOX_A_TEST_CLEANED,Taurus,T9,POOR,MARGINAL,Significant drift persists after baseline correction,15.773761523532489,0.1632894567651678,198519.50570342207,0.7115517618744773,True
UNKNOWN950425_052029_0001VRP_BOX_A_TEST_CLEANED,Taurus,T10,POOR,EXCLUDE,Resistance too high (1.94e+06Ω > 1MΩ) - not sensitive,173.44509375388526,0.1408633913375007,1936298.4904942967,0.8456002324116246,True
UNKNOWN950425_052029_0001VRP_BOX_A_TEST_CLEANED,Taurus,T11,POOR,EXCLUDE,Resistance too low (479Ω < 1kΩ) - not sensitive,0.053675845066402036,0.2592681961545308,478.94790874524716,0.932448799747321,False
UNKNOWN950425_052029_0001VRP_BOX_A_TEST_CLEANED,Taurus,T12,POOR,MARGINAL,Significant drift persists after baseline correction,0.38489399055793144,0.16734521327876803,4890.5,0.8490487248207109,True
UNKNOWN950425_052029_0001VRP_BOX_A_TEST_CLEANED,Taurus,T13,POOR,MARGINAL,Significant drift persists after baseline correction,3.998867842942916,0.1470172001076707,48208.91825095057,0.8398664936696436,True
UNKNOWN950425_052029_0001VRP_BOX_A_TEST_CLEANED,Taurus,T14,POOR,MARGINAL,Significant drift persists after baseline correction,58.97068264144027,0.1731376472149645,472938.9813688213,0.866908223061584,True
UNKNOWN950425_052029_0001VRP_BOX_A_TEST_CLEANED,Taurus,T15,DEAD,EXCLUDE,No measurable signal variation,0.0,0.0,0.0,0.0,False
UNKNOWN950425_052029_0001VRP_BOX_A_TEST_CLEANED,Taurus,T16,GOOD,INCLUDE,Acceptable noise level for sensor data,0.844268523535162,0.1796316007483124,10085.788973384031,0.7640873974951429,False
UNKNOWN950425_052029_0001VRP_BOX_A_TEST_CLEANED,Taurus,T17,POOR,MARGINAL,Significant drift persists after baseline correction,0.7506225284547824,0.1975322443250455,9998.377946768058,0.7727820694978162,True
UNKNOWN950425_052029_0001VRP_BOX_A_TEST_CLEANED,Taurus,T18,GOOD,INCLUDE,Acceptable noise level for sensor data,2.2595081023776626,0.14121925639772132,9809.997718631179,0.8885965783438267,False
UNKNOWN950425_052029_0001VRP_BOX_A_TEST_CLEANED,Taurus,T19,POOR,MARGINAL,Significant drift persists after baseline correction,1.0699341826096171,0.18447141079160417,10071.204562737641,0.8524674142377467,True
UNKNOWN950425_052029_0001VRP_BOX_A_TEST_CLEANED,Taurus,T20,POOR,MARGINAL,Significant drift persists after baseline correction,0.7414707567715025,0.20039750182468027,10090.229657794678,0.8707075379144028,True
UNKNOWN950425_052029_0001VRP_BOX_A_TEST_CLEANED,Taurus,T21,POOR,MARGINAL,Significant drift persists after baseline correction,0.7038837687412642,0.15641861527236053,10024.433460076045,0.8689593337288248,True
UNKNOWN950425_052029_0001VRP_BOX_A_TEST_CLEANED,Taurus,T22,POOR,MARGINAL,Significant drift persists after baseline correction,2.570882057362618,0.15772282560410802,9761.933460076045,0.7862638136486391,True
UNKNOWN950425_052029_0001VRP_BOX_A_TEST_CLEANED,Taurus,T23,POOR,MARGINAL,Significant drift persists after baseline correction,1.2433692298623864,0.20383102128556216,10043.48517110266,0.7901576887159205,True
UNKNOWN950425_052029_0001VRP_BOX_A_TEST_CLEANED,Taurus,T24,GOOD,INCLUDE,Acceptable noise level for sensor data,0.8503900240713576,0.20247381525022926,9969.074144486693,0.8387584161462702,False
UNKNOWN950425_052029_0001VRP_BOX_A_TEST_CLEANED,Taurus,T25,POOR,MARGINAL,Significant drift persists after baseline correction,0.8530248987386635,0.2187243330043258,10039.337642585551,0.7611939115155815,True
UNKNOWN950425_052029_0001VRP_BOX_A_TEST_CLEANED,Taurus,T26,GOOD,INCLUDE,Acceptable noise level for sensor data,0.7998815944368736,0.19997039860421914,9231.944486692015,0.8042471498942081,False
UNKNOWN950425_052029_0001VRP_BOX_A_TEST_CLEANED,Taurus,T27,DEAD,EXCLUDE,No measurable signal variation,0.0,0.0,100.10000000000001,9.173173516237097e-49,False
UNKNOWN950425_052029_0001VRP_BOX_A_TEST_CLEANED,Taurus,T28,POOR,EXCLUDE,Resistance too high (1.00e+06Ω > 1MΩ) - not sensitive,79.43662256434213,0.16709428389638406,1001050.9365019011,0.8598379064554403,True
UNKNOWN080226_010441_0001VRP_BOX_B_TEST_CLEANED,Taurus,T1,DEAD,EXCLUDE,No measurable signal variation,0.0,0.0,101.39999999999999,0.0,False
UNKNOWN080226_010441_0001VRP_BOX_B_TEST_CLEANED,Taurus,T2,GOOD,INCLUDE,Acceptable baseline and noise levels,0.09355014453312531,0.22971959481403117,1034.7939759036144,0.0,True
UNKNOWN080226_010441_0001VRP_BOX_B_TEST_CLEANED,Taurus,T3,POOR,MARGINAL,Significant drift persists after baseline correction,0.9363283096071143,0.18726566191767754,10073.3578313253,0.0,True
UNKNOWN080226_010441_0001VRP_BOX_B_TEST_CLEANED,Taurus,T4,POOR,MARGINAL,Significant drift persists after baseline correction,8.516373563903182,0.2167016174015491,101208.77469879518,0.0,True
UNKNOWN080226_010441_0001VRP_BOX_B_TEST_CLEANED,Taurus,T5,POOR,MARGINAL,Significant drift persists after baseline correction,61.46127249958197,0.16987637506787473,994039.4240963854,0.0,True
UNKNOWN080226_010441_0001VRP_BOX_B_TEST_CLEANED,Taurus,T6,DEAD,EXCLUDE,No measurable signal variation,0.0,0.0,193.20000000000005,0.0,False
UNKNOWN080226_010441_0001VRP_BOX_B_TEST_CLEANED,Taurus,T7,POOR,MARGINAL,Significant drift persists after baseline correction,0.21603059077372233,0.16617737750547087,2014.7554216867468,0.0,True
UNKNOWN080226_010441_0001VRP_BOX_B_TEST_CLEANED,Taurus,T8,POOR,MARGINAL,Significant drift persists after baseline correction,1.1578853554285213,0.18379132625559935,19761.743373493977,0.0,True
UNKNOWN080226_010441_0001VRP_BOX_B_TEST_CLEANED,Taurus,T9,POOR,MARGINAL,Significant drift persists after baseline correction,12.099144596166209,0.1976984411134663,198128.2277108434,0.0,True
UNKNOWN080226_010441_0001VRP_BOX_B_TEST_CLEANED,Taurus,T10,POOR,EXCLUDE,Resistance too high (1.93e+06Ω > 1MΩ) - not sensitive,526.8276678914223,0.2179675911838645,1931842.5481927712,0.0,True
UNKNOWN080226_010441_0001VRP_BOX_B_TEST_CLEANED,Taurus,T11,POOR,EXCLUDE,Resistance too low (482Ω < 1kΩ) - not sensitive,0.41755992679865495,0.26097495423284467,482.3975903614458,0.0,True
UNKNOWN080226_010441_0001VRP_BOX_B_TEST_CLEANED,Taurus,T12,POOR,MARGINAL,Significant drift persists after baseline correction,0.32328895377548156,0.21552596916928599,4863.025301204819,0.0,True
UNKNOWN080226_010441_0001VRP_BOX_B_TEST_CLEANED,Taurus,T13,POOR,MARGINAL,Significant drift persists after baseline correction,5.934959034148406,0.20118505200434875,48282.91204819277,0.0,True
UNKNOWN080226_010441_0001VRP_BOX_B_TEST_CLEANED,Taurus,T14,POOR,MARGINAL,Significant drift persists after baseline correction,228.25606295172852,0.1868806803272519,471789.9590361445,0.0,True
UNKNOWN080226_010441_0001VRP_BOX_B_TEST_CLEANED,Taurus,T15,DEAD,EXCLUDE,Sensor saturated or unstable,26391.49428374121,0.26310458072876725,10006225.867469879,0.0,True
UNKNOWN080226_010441_0001VRP_BOX_B_TEST_CLEANED,Taurus,T16,POOR,MARGINAL,Significant drift persists after baseline correction,0.8606548997948639,0.22068074353150668,10050.10843373494,0.0,True
UNKNOWN080226_010441_0001VRP_BOX_B_TEST_CLEANED,Taurus,T17,POOR,MARGINAL,Significant drift persists after baseline correction,0.9386929895260404,0.20859844211226236,9965.375903614457,0.0,True
UNKNOWN080226_010441_0001VRP_BOX_B_TEST_CLEANED,Taurus,T18,POOR,MARGINAL,Significant drift persists after baseline correction,2.296263771907447,0.18224315649913939,9829.97469879518,0.0,True
UNKNOWN080226_010441_0001VRP_BOX_B_TEST_CLEANED,Taurus,T19,POOR,MARGINAL,Significant drift persists after baseline correction,4.618818777865651,0.24182297266187544,10006.520481927711,0.0,True
UNKNOWN080226_010441_0001VRP_BOX_B_TEST_CLEANED,Taurus,T20,POOR,MARGINAL,Significant drift persists after baseline correction,0.784441900950383,0.21790052803569826,10076.010843373493,0.0,True
UNKNOWN080226_010441_0001VRP_BOX_B_TEST_CLEANED,Taurus,T21,POOR,MARGINAL,Significant drift persists after baseline correction,0.7150132770941757,0.21029802266859482,9984.793975903614,0.0,True
UNKNOWN080226_010441_0001VRP_BOX_B_TEST_CLEANED,Taurus,T22,POOR,MARGINAL,Significant drift persists after baseline correction,2.8479967639215102,0.2063765770942498,9754.824096385544,0.0,True
UNKNOWN080226_010441_0001VRP_BOX_B_TEST_CLEANED,Taurus,T23,POOR,MARGINAL,Significant drift persists after baseline correction,0.9881532427509214,0.18299134124679423,10046.957831325302,0.0,True
UNKNOWN080226_010441_0001VRP_BOX_B_TEST_CLEANED,Taurus,T24,GOOD,INCLUDE,Acceptable noise level for sensor data,0.7957792788833895,0.17683983974793457,9933.502409638553,0.0,False
UNKNOWN080226_010441_0001VRP_BOX_B_TEST_CLEANED,Taurus,T25,POOR,MARGINAL,Significant drift persists after baseline correction,0.8901074772961458,0.2119303517320949,10045.477108433735,0.0,True
UNKNOWN080226_010441_0001VRP_BOX_B_TEST_CLEANED,Taurus,T26,POOR,MARGINAL,Significant drift persists after baseline correction,0.7140912843467305,0.19299764441287606,9301.280722891566,0.0,True
UNKNOWN080226_010441_0001VRP_BOX_B_TEST_CLEANED,Taurus,T27,DEAD,EXCLUDE,No measurable signal variation,0.0,0.0,100.10000000000001,0.0,False
UNKNOWN080226_010441_0001VRP_BOX_B_TEST_CLEANED,Taurus,T28,POOR,EXCLUDE,Resistance too high (1.00e+06Ω > 1MΩ) - not sensitive,367.669322764402,0.20285204014586578,1001026.8373493976,0.0,True
UNKNOWN080226_010737_0001VRP_BOX_B_TEST_CLEANED,Taurus,T1,DEAD,EXCLUDE,No measurable signal variation,0.0,0.0,101.39999999999999,0.0,False
UNKNOWN080226_010737_0001VRP_BOX_B_TEST_CLEANED,Taurus,T2,GOOD,INCLUDE,Acceptable baseline and noise levels,0.07723511347293532,0.1778521936244345,1034.8987951807228,0.0,False
UNKNOWN080226_010737_0001VRP_BOX_B_TEST_CLEANED,Taurus,T3,POOR,MARGINAL,Significant drift persists after baseline correction,0.7698451699597578,0.18776711461973483,10074.315662650602,0.0,True
UNKNOWN080226_010737_0001VRP_BOX_B_TEST_CLEANED,Taurus,T4,POOR,MARGINAL,Significant drift persists after baseline correction,7.950184201504637,0.19203343481844823,101215.9951807229,0.0,True
UNKNOWN080226_010737_0001VRP_BOX_B_TEST_CLEANED,Taurus,T5,POOR,MARGINAL,Significant drift persists after baseline correction,73.3011685499353,0.1940210919796968,994130.8132530119,0.0,True
UNKNOWN080226_010737_0001VRP_BOX_B_TEST_CLEANED,Taurus,T6,POOR,EXCLUDE,Resistance too low (193Ω < 1kΩ) - not sensitive,0.015249857033263934,0.1524985701801061,193.20120481927717,0.0,False
UNKNOWN080226_010737_0001VRP_BOX_B_TEST_CLEANED,Taurus,T7,POOR,MARGINAL,Significant drift persists after baseline correction,0.24792091023913476,0.20660075851538773,2014.8277108433733,0.0,True
UNKNOWN080226_010737_0001VRP_BOX_B_TEST_CLEANED,Taurus,T8,GOOD,INCLUDE,Acceptable noise level for sensor data,0.9815948767565822,0.20032548504836467,19762.47951807229,0.0,False
UNKNOWN080226_010737_0001VRP_BOX_B_TEST_CLEANED,Taurus,T9,POOR,MARGINAL,Significant drift persists after baseline correction,8.704006673251095,0.11087906590114659,198138.15180722895,0.0,True
UNKNOWN080226_010737_0001VRP_BOX_B_TEST_CLEANED,Taurus,T10,POOR,EXCLUDE,Resistance too high (1.93e+06Ω > 1MΩ) - not sensitive,310.8022688218658,0.10842948256413613,1931766.3,0.0,True
UNKNOWN080226_010737_0001VRP_BOX_B_TEST_CLEANED,Taurus,T11,POOR,EXCLUDE,Resistance too low (482Ω < 1kΩ) - not sensitive,0.3390104825261347,0.22600698833568933,482.42650602409634,0.0,True
UNKNOWN080226_010737_0001VRP_BOX_B_TEST_CLEANED,Taurus,T12,POOR,MARGINAL,Significant drift persists after baseline correction,0.3355942018685006,0.18644122324990142,4863.1216867469875,0.0,True
UNKNOWN080226_010737_0001VRP_BOX_B_TEST_CLEANED,Taurus,T13,POOR,MARGINAL,Significant drift persists after baseline correction,3.9887253485266876,0.13946592127667637,48283.79879518072,0.0,True
UNKNOWN080226_010737_0001VRP_BOX_B_TEST_CLEANED,Taurus,T14,POOR,MARGINAL,Significant drift persists after baseline correction,201.68173804711543,0.13294775085504426,471739.10843373503,0.0,True
UNKNOWN080226_010737_0001VRP_BOX_B_TEST_CLEANED,Taurus,T15,DEAD,EXCLUDE,Sensor saturated or unstable,16024.995002161797,0.17142332216000705,10015687.626506025,0.0,True
UNKNOWN080226_010737_0001VRP_BOX_B_TEST_CLEANED,Taurus,T16,POOR,MARGINAL,Significant drift persists after baseline correction,0.7062752546042198,0.18109621912466053,10050.993975903613,0.0,True
UNKNOWN080226_010737_0001VRP_BOX_B_TEST_CLEANED,Taurus,T17,POOR,MARGINAL,Significant drift persists after baseline correction,0.7471750133042394,0.20193919277943204,9966.093975903614,0.0,True
UNKNOWN080226_010737_0001VRP_BOX_B_TEST_CLEANED,Taurus,T18,POOR,MARGINAL,Significant drift persists after baseline correction,2.3893868282540245,0.21920980075524618,9830.326506024096,0.0,True
UNKNOWN080226_010737_0001VRP_BOX_B_TEST_CLEANED,Taurus,T19,POOR,MARGINAL,Significant drift persists after baseline correction,1.3105591295600734,0.08347510379309969,10007.024096385541,0.0,True
UNKNOWN080226_010737_0001VRP_BOX_B_TEST_CLEANED,Taurus,T20,POOR,MARGINAL,Significant drift persists after baseline correction,0.6002176839132622,0.17653461291049205,10076.593975903614,0.0,True
UNKNOWN080226_010737_0001VRP_BOX_B_TEST_CLEANED,Taurus,T21,POOR,MARGINAL,Significant drift persists after baseline correction,0.7938509782459005,0.19846274455651355,9985.60843373494,0.0,True
UNKNOWN080226_010737_0001VRP_BOX_B_TEST_CLEANED,Taurus,T22,POOR,MARGINAL,Significant drift persists after baseline correction,2.468174868050836,0.15426092925221313,9756.068674698794,0.0,True
UNKNOWN080226_010737_0001VRP_BOX_B_TEST_CLEANED,Taurus,T23,POOR,MARGINAL,Significant drift persists after baseline correction,1.031656497832772,0.15397858176377047,10047.703614457832,0.0,True
UNKNOWN080226_010737_0001VRP_BOX_B_TEST_CLEANED,Taurus,T24,POOR,MARGINAL,Significant drift persists after baseline correction,0.7300204589207432,0.22813139340568095,9934.274698795181,0.0,True
UNKNOWN080226_010737_0001VRP_BOX_B_TEST_CLEANED,Taurus,T25,POOR,MARGINAL,Significant drift persists after baseline correction,0.7656827419820434,0.20149545841096683,10046.477108433734,0.0,True
UNKNOWN080226_010737_0001VRP_BOX_B_TEST_CLEANED,Taurus,T26,POOR,MARGINAL,Significant drift persists after baseline correction,0.6393377214158341,0.19373870345340874,9302.169879518073,0.0,True
UNKNOWN080226_010737_0001VRP_BOX_B_TEST_CLEANED,Taurus,T27,DEAD,EXCLUDE,No measurable signal variation,0.0,0.0,100.10000000000001,0.0,False
UNKNOWN080226_010737_0001VRP_BOX_B_TEST_CLEANED,Taurus,T28,POOR,EXCLUDE,Resistance too high (1.00e+06Ω > 1MΩ) - not sensitive,457.6669326744029,0.26176328796292075,1001103.9554216869,0.0,True
UNKNOWN950425_051942_0001VRP_BOX_A_TEST_CLEANED,Taurus,T1,DEAD,EXCLUDE,No measurable signal variation,0.04788413882563447,0.24284224755953665,101.05703422053232,0.8356698283805147,False
UNKNOWN950425_051942_0001VRP_BOX_A_TEST_CLEANED,Taurus,T2,EXCELLENT,INCLUDE,"Clean baseline, low noise, good SNR",0.09701941924310845,0.1351654373727366,1036.944486692015,0.8011377811922586,False
UNKNOWN950425_051942_0001VRP_BOX_A_TEST_CLEANED,Taurus,T3,GOOD,INCLUDE,Acceptable noise level for sensor data,0.8408927332262282,0.13562786019557527,10127.268821292775,0.8484661806829121,False
UNKNOWN950425_051942_0001VRP_BOX_A_TEST_CLEANED,Taurus,T4,POOR,MARGINAL,Significant drift persists after baseline correction,8.241290803230358,0.1572765420460982,101060.89201520913,0.7492348055692776,True
UNKNOWN950425_051942_0001VRP_BOX_A_TEST_CLEANED,Taurus,T5,DEAD,EXCLUDE,No measurable signal variation,0.0,0.0,0.0,0.0,False
UNKNOWN950425_051942_0001VRP_BOX_A_TEST_CLEANED,Taurus,T6,DEAD,EXCLUDE,No measurable signal variation,0.0,0.0,190.5,0.0,False
UNKNOWN950425_051942_0001VRP_BOX_A_TEST_CLEANED,Taurus,T7,GOOD,INCLUDE,Acceptable baseline and noise levels,0.15571420468798072,0.19347865079407103,2024.6418250950571,0.7971980534591061,False
UNKNOWN950425_051942_0001VRP_BOX_A_TEST_CLEANED,Taurus,T8,POOR,MARGINAL,Significant drift persists after baseline correction,1.5546814191313065,0.17274237990155913,19779.197338403043,0.840947428630898,True
UNKNOWN950425_051942_0001VRP_BOX_A_TEST_CLEANED,Taurus,T9,POOR,MARGINAL,Significant drift persists after baseline correction,15.94426900505766,0.12217830655207236,198519.31368821292,0.8459504117147564,True
UNKNOWN950425_051942_0001VRP_BOX_A_TEST_CLEANED,Taurus,T10,POOR,EXCLUDE,Resistance too high (1.94e+06Ω > 1MΩ) - not sensitive,166.1745757675416,0.1230011663712282,1936298.327376426,0.8546858988951195,True
UNKNOWN950425_051942_0001VRP_BOX_A_TEST_CLEANED,Taurus,T11,POOR,EXCLUDE,Resistance too low (479Ω < 1kΩ) - not sensitive,0.05403784612602376,0.22319152633886707,478.9433460076046,0.8223133327174,False
UNKNOWN950425_051942_0001VRP_BOX_A_TEST_CLEANED,Taurus,T12,GOOD,INCLUDE,Acceptable noise level for sensor data,0.4023162583423563,0.15473702243344886,4890.539543726235,0.8531722694641599,False
UNKNOWN950425_051942_0001VRP_BOX_A_TEST_CLEANED,Taurus,T13,POOR,MARGINAL,Significant drift persists after baseline correction,4.3216701015067835,0.17149484529722753,48208.66882129278,0.9074102614627362,True
UNKNOWN950425_051942_0001VRP_BOX_A_TEST_CLEANED,Taurus,T14,POOR,MARGINAL,Significant drift persists after baseline correction,74.0622361944795,0.22287762923400484,472967.4836501901,0.8330292352212141,True
UNKNOWN950425_051942_0001VRP_BOX_A_TEST_CLEANED,Taurus,T15,DEAD,EXCLUDE,No measurable signal variation,0.0,0.0,0.0,0.0,False
UNKNOWN950425_051942_0001VRP_BOX_A_TEST_CLEANED,Taurus,T16,POOR,MARGINAL,Significant drift persists after baseline correction,0.8566277859295454,0.1557505065298128,10085.709505703422,0.8318525553179199,True
UNKNOWN950425_051942_0001VRP_BOX_A_TEST_CLEANED,Taurus,T17,POOR,MARGINAL,Significant drift persists after baseline correction,0.8042667648974356,0.16413607446546596,9998.389353612167,0.7931566714653695,True
UNKNOWN950425_051942_0001VRP_BOX_A_TEST_CLEANED,Taurus,T18,POOR,MARGINAL,Significant drift persists after baseline correction,2.4559962844981866,0.19647970275828308,9810.80114068441,0.8677046931751689,True
UNKNOWN950425_051942_0001VRP_BOX_A_TEST_CLEANED,Taurus,T19,POOR,MARGINAL,Significant drift persists after baseline correction,1.034759516153603,0.1668966961511444,10069.46463878327,0.9153745876092122,True
UNKNOWN950425_051942_0001VRP_BOX_A_TEST_CLEANED,Taurus,T20,POOR,MARGINAL,Significant drift persists after baseline correction,0.7319689164837132,0.16265975921498826,10090.231939163497,0.8132984769467252,True
UNKNOWN950425_051942_0001VRP_BOX_A_TEST_CLEANED,Taurus,T21,POOR,MARGINAL,Significant drift persists after baseline correction,0.8056075253476482,0.1790238945177213,10024.361596958175,0.9214881918477564,True
UNKNOWN950425_051942_0001VRP_BOX_A_TEST_CLEANED,Taurus,T22,POOR,MARGINAL,Significant drift persists after baseline correction,2.7706722967901363,0.1979051640550247,9762.088212927758,0.9068631998721586,True
UNKNOWN950425_051942_0001VRP_BOX_A_TEST_CLEANED,Taurus,T23,GOOD,INCLUDE,Acceptable noise level for sensor data,1.1236951748311146,0.1605278821164374,10043.37680608365,0.8331385492366153,False
UNKNOWN950425_051942_0001VRP_BOX_A_TEST_CLEANED,Taurus,T24,POOR,MARGINAL,Significant drift persists after baseline correction,0.8174956853111575,0.1703116011029688,9969.006083650189,0.8980217854085959,True
UNKNOWN950425_051942_0001VRP_BOX_A_TEST_CLEANED,Taurus,T25,POOR,MARGINAL,Significant drift persists after baseline correction,0.775224904297105,0.16852715310445598,10039.279847908745,0.8400631128490538,True
UNKNOWN950425_051942_0001VRP_BOX_A_TEST_CLEANED,Taurus,T26,POOR,MARGINAL,Significant drift persists after baseline correction,0.7661345338948891,0.17412148497216823,9231.88288973384,0.8380227096565699,True
UNKNOWN950425_051942_0001VRP_BOX_A_TEST_CLEANED,Taurus,T27,DEAD,EXCLUDE,No measurable signal variation,0.0,0.0,100.10000000000001,9.173173516237097e-49,False
UNKNOWN950425_051942_0001VRP_BOX_A_TEST_CLEANED,Taurus,T28,POOR,EXCLUDE,Resistance too high (1.00e+06Ω > 1MΩ) - not sensitive,384.4278342832421,0.3467374711673343,1001392.0954372624,0.9907168323607377,True
UNKNOWN950425_052156_0001VRP_BOX_A_TEST_CLEANED,Taurus,T1,DEAD,EXCLUDE,No measurable signal variation,0.049638599487161164,0.462143463989504,101.05437262357414,0.8414257431894343,False
UNKNOWN950425_052156_0001VRP_BOX_A_TEST_CLEANED,Taurus,T2,GOOD,INCLUDE,Acceptable noise level for sensor data,0.09342880510520896,0.15058603884579716,1036.9357414448668,0.8670873743978635,False
UNKNOWN950425_052156_0001VRP_BOX_A_TEST_CLEANED,Taurus,T3,POOR,MARGINAL,Significant drift persists after baseline correction,0.9044753589597152,0.15330090829566795,10127.098479087454,0.8835748731443868,True
UNKNOWN950425_052156_0001VRP_BOX_A_TEST_CLEANED,Taurus,T4,POOR,MARGINAL,Significant drift persists after baseline correction,8.13950666302537,0.1250308243166227,101060.2372623574,0.8008972786076711,True
UNKNOWN950425_052156_0001VRP_BOX_A_TEST_CLEANED,Taurus,T5,DEAD,EXCLUDE,No measurable signal variation,0.0,0.0,0.0,0.0,False
UNKNOWN950425_052156_0001VRP_BOX_A_TEST_CLEANED,Taurus,T6,DEAD,EXCLUDE,No measurable signal variation,0.0,0.0,190.5,0.0,False
UNKNOWN950425_052156_0001VRP_BOX_A_TEST_CLEANED,Taurus,T7,GOOD,INCLUDE,Acceptable noise level for sensor data,0.23242768914422451,0.19368974093740898,2024.458935361217,0.9077393618767876,False
UNKNOWN950425_052156_0001VRP_BOX_A_TEST_CLEANED,Taurus,T8,POOR,MARGINAL,Significant drift persists after baseline correction,1.4133349058502376,0.14276110159962355,19778.944866920152,0.8274354589130414,True
UNKNOWN950425_052156_0001VRP_BOX_A_TEST_CLEANED,Taurus,T9,POOR,MARGINAL,Significant drift persists after baseline correction,16.68988623827087,0.16858470947731324,198531.41863117868,0.8889944526371514,True
UNKNOWN950425_052156_0001VRP_BOX_A_TEST_CLEANED,Taurus,T10,POOR,EXCLUDE,Resistance too high (1.94e+06Ω > 1MΩ) - not sensitive,665.5934958871472,0.1419660216464351,1936880.7117870722,0.9329401020306192,True
UNKNOWN950425_052156_0001VRP_BOX_A_TEST_CLEANED,Taurus,T11,POOR,EXCLUDE,Resistance too low (478Ω < 1kΩ) - not sensitive,0.7045436623474104,0.41443744841527724,478.161596958175,0.9988900111323444,False
UNKNOWN950425_052156_0001VRP_BOX_A_TEST_CLEANED,Taurus,T12,GOOD,INCLUDE,Acceptable noise level for sensor data,0.44365932874654196,0.15844976026095292,4890.7543726235735,0.8538781167421764,False
UNKNOWN950425_052156_0001VRP_BOX_A_TEST_CLEANED,Taurus,T13,POOR,MARGINAL,Significant drift persists after baseline correction,4.635403374088946,0.18394457833615424,48208.171102661596,0.8328761905057154,True
UNKNOWN950425_052156_0001VRP_BOX_A_TEST_CLEANED,Taurus,T14,POOR,MARGINAL,Significant drift persists after baseline correction,55.925205245823854,0.17844673020357962,472881.4775665399,0.8963616462403043,True
UNKNOWN950425_052156_0001VRP_BOX_A_TEST_CLEANED,Taurus,T15,DEAD,EXCLUDE,No measurable signal variation,0.0,0.0,0.0,0.0,False
UNKNOWN950425_052156_0001VRP_BOX_A_TEST_CLEANED,Taurus,T16,POOR,MARGINAL,Significant drift persists after baseline correction,0.8457896240964483,0.14096493734705864,10085.713688212927,0.7607742393742414,True
UNKNOWN950425_052156_0001VRP_BOX_A_TEST_CLEANED,Taurus,T17,GOOD,INCLUDE,Acceptable baseline and noise levels,0.8249593578859348,0.1964188947300357,9998.127376425855,0.844938002473638,True
UNKNOWN950425_052156_0001VRP_BOX_A_TEST_CLEANED,Taurus,T18,POOR,MARGINAL,Significant drift persists after baseline correction,2.2943448270370017,0.19950824582756965,9808.754372623574,0.9395265656476436,True
UNKNOWN950425_052156_0001VRP_BOX_A_TEST_CLEANED,Taurus,T19,POOR,MARGINAL,Significant drift persists after baseline correction,0.8959757621446661,0.13176114148990387,10075.62813688213,0.9223714421218949,True
UNKNOWN950425_052156_0001VRP_BOX_A_TEST_CLEANED,Taurus,T20,POOR,MARGINAL,Significant drift persists after baseline correction,0.8117903376020841,0.17272134842227369,10090.04866920152,0.8135381431124954,True
UNKNOWN950425_052156_0001VRP_BOX_A_TEST_CLEANED,Taurus,T21,POOR,MARGINAL,Significant drift persists after baseline correction,0.8941625038375309,0.20794476832950878,10024.220532319392,0.8936583851531842,True
UNKNOWN950425_052156_0001VRP_BOX_A_TEST_CLEANED,Taurus,T22,POOR,MARGINAL,Significant drift persists after baseline correction,2.8745185385713032,0.22457176082414138,9761.876425855513,0.9150173100198692,True
UNKNOWN950425_052156_0001VRP_BOX_A_TEST_CLEANED,Taurus,T23,POOR,MARGINAL,Significant drift persists after baseline correction,1.2552967408537408,0.17680235786422482,10043.563117870723,0.7984172749657499,True
UNKNOWN950425_052156_0001VRP_BOX_A_TEST_CLEANED,Taurus,T24,POOR,MARGINAL,Significant drift persists after baseline correction,0.7180925205616527,0.15957611567682115,9968.876045627376,0.8521454701907684,True
UNKNOWN950425_052156_0001VRP_BOX_A_TEST_CLEANED,Taurus,T25,POOR,MARGINAL,Significant drift persists after baseline correction,0.65555505818183,0.14251196916691006,10039.13079847909,0.8630007053815351,True
UNKNOWN950425_052156_0001VRP_BOX_A_TEST_CLEANED,Taurus,T26,POOR,MARGINAL,Significant drift persists after baseline correction,0.7522874714113638,0.15672655654079273,9231.931939163498,0.8816292467037937,True
UNKNOWN950425_052156_0001VRP_BOX_A_TEST_CLEANED,Taurus,T27,POOR,EXCLUDE,Resistance too low (100Ω < 1kΩ) - not sensitive,0.0,0.0,100.10038022813688,9.173173516237097e-49,False
UNKNOWN950425_052156_0001VRP_BOX_A_TEST_CLEANED,Taurus,T28,POOR,EXCLUDE,Resistance too high (1.00e+06Ω > 1MΩ) - not sensitive,81.24882422783514,0.19821620938719373,1001039.1452471485,0.7851262611350425,True
UNKNOWN080226_010115_0001VRP_BOX_B_TEST_CLEANED,Taurus,T1,DEAD,EXCLUDE,No measurable signal variation,0.0,0.0,101.39999999999999,0.0,False
UNKNOWN080226_010115_0001VRP_BOX_B_TEST_CLEANED,Taurus,T2,GOOD,INCLUDE,Acceptable baseline and noise levels,0.08846509802573181,0.23712038871995703,1034.6048192771086,0.0,False
UNKNOWN080226_010115_0001VRP_BOX_B_TEST_CLEANED,Taurus,T3,POOR,MARGINAL,Significant drift persists after baseline correction,0.7776270344759962,0.22871383366270825,10071.765060240963,0.0,True
UNKNOWN080226_010115_0001VRP_BOX_B_TEST_CLEANED,Taurus,T4,POOR,MARGINAL,Significant drift persists after baseline correction,8.050134794191445,0.17653804373191517,101194.73493975903,0.0,True
UNKNOWN080226_010115_0001VRP_BOX_B_TEST_CLEANED,Taurus,T5,POOR,MARGINAL,Significant drift persists after baseline correction,82.10857994632471,0.19193216443734593,993887.7469879518,0.0,True
UNKNOWN080226_010115_0001VRP_BOX_B_TEST_CLEANED,Taurus,T6,POOR,EXCLUDE,Resistance too low (193Ω < 1kΩ) - not sensitive,0.03199977533486296,0.2734642152774369,193.20963855421692,0.0,False
UNKNOWN080226_010115_0001VRP_BOX_B_TEST_CLEANED,Taurus,T7,POOR,MARGINAL,Significant drift persists after baseline correction,0.22355560952229278,0.22355560949993722,2014.5530120481926,0.0,True
UNKNOWN080226_010115_0001VRP_BOX_B_TEST_CLEANED,Taurus,T8,POOR,MARGINAL,Significant drift persists after baseline correction,0.9773830837252511,0.16565814978109222,19760.066265060243,0.0,True
UNKNOWN080226_010115_0001VRP_BOX_B_TEST_CLEANED,Taurus,T9,POOR,MARGINAL,Significant drift persists after baseline correction,11.671896394557585,0.17317353701099816,198108.0903614458,0.0,True
UNKNOWN080226_010115_0001VRP_BOX_B_TEST_CLEANED,Taurus,T10,POOR,EXCLUDE,Resistance too high (1.93e+06Ω > 1MΩ) - not sensitive,326.44192245003376,0.1675006015957887,1931520.7012048191,0.0,True
UNKNOWN080226_010115_0001VRP_BOX_B_TEST_CLEANED,Taurus,T11,POOR,EXCLUDE,Resistance too low (483Ω < 1kΩ) - not sensitive,0.44628402975671844,0.27892751858051207,482.50361445783136,0.0,True
UNKNOWN080226_010115_0001VRP_BOX_B_TEST_CLEANED,Taurus,T12,POOR,MARGINAL,Significant drift persists after baseline correction,0.36341980044901284,0.2018998891271034,4862.734939759036,0.0,True
UNKNOWN080226_010115_0001VRP_BOX_B_TEST_CLEANED,Taurus,T13,POOR,MARGINAL,Significant drift persists after baseline correction,5.507075134690452,0.18175165460962867,48278.22048192771,0.0,True
UNKNOWN080226_010115_0001VRP_BOX_B_TEST_CLEANED,Taurus,T14,POOR,MARGINAL,Significant drift persists after baseline correction,243.30960513541584,0.16614968938500752,471769.1204819277,0.0,True
UNKNOWN080226_010115_0001VRP_BOX_B_TEST_CLEANED,Taurus,T15,DEAD,EXCLUDE,Sensor saturated or unstable,23634.913370195376,0.25580571649885653,10003898.036144579,0.0,True
UNKNOWN080226_010115_0001VRP_BOX_B_TEST_CLEANED,Taurus,T16,POOR,MARGINAL,Significant drift persists after baseline correction,0.8672300868079339,0.20168141553207267,10048.485542168675,0.0,True
UNKNOWN080226_010115_0001VRP_BOX_B_TEST_CLEANED,Taurus,T17,POOR,MARGINAL,Significant drift persists after baseline correction,0.9672891701725321,0.23030694527375067,9964.09156626506,0.0,True
UNKNOWN080226_010115_0001VRP_BOX_B_TEST_CLEANED,Taurus,T18,POOR,MARGINAL,Significant drift persists after baseline correction,2.7452536797928917,0.18675195100506262,9828.42409638554,0.0,True
UNKNOWN080226_010115_0001VRP_BOX_B_TEST_CLEANED,Taurus,T19,POOR,MARGINAL,Significant drift persists after baseline correction,5.457724573183049,0.34542560589545124,10004.82409638554,0.0,True
UNKNOWN080226_010115_0001VRP_BOX_B_TEST_CLEANED,Taurus,T20,POOR,MARGINAL,Significant drift persists after baseline correction,0.7250091302118645,0.19079187636655898,10074.740963855422,0.0,True
UNKNOWN080226_010115_0001VRP_BOX_B_TEST_CLEANED,Taurus,T21,POOR,MARGINAL,Significant drift persists after baseline correction,1.0780523468517664,0.2450118970062169,9983.32891566265,0.0,True
UNKNOWN080226_010115_0001VRP_BOX_B_TEST_CLEANED,Taurus,T22,POOR,MARGINAL,Significant drift persists after baseline correction,2.683527743295492,0.18507087884668863,9753.539759036144,0.0,True
UNKNOWN080226_010115_0001VRP_BOX_B_TEST_CLEANED,Taurus,T23,POOR,MARGINAL,Significant drift persists after baseline correction,1.1385030018382554,0.18071476219370086,10046.08313253012,0.0,True
UNKNOWN080226_010115_0001VRP_BOX_B_TEST_CLEANED,Taurus,T24,POOR,MARGINAL,Significant drift persists after baseline correction,0.8942267356323279,0.18629723658621536,9932.110843373492,0.0,True
UNKNOWN080226_010115_0001VRP_BOX_B_TEST_CLEANED,Taurus,T25,POOR,MARGINAL,Significant drift persists after baseline correction,0.8285782242536925,0.18831323278066583,10044.040963855421,0.0,True
UNKNOWN080226_010115_0001VRP_BOX_B_TEST_CLEANED,Taurus,T26,POOR,MARGINAL,Significant drift persists after baseline correction,0.7606034822351878,0.22370690653320544,9299.819277108436,0.0,True
UNKNOWN080226_010115_0001VRP_BOX_B_TEST_CLEANED,Taurus,T27,DEAD,EXCLUDE,No measurable signal variation,0.0,0.0,100.10000000000001,0.0,False
UNKNOWN080226_010115_0001VRP_BOX_B_TEST_CLEANED,Taurus,T28,POOR,EXCLUDE,Resistance too high (1.00e+06Ω > 1MΩ) - not sensitive,367.8655656757526,0.22045038992971483,1000895.5927710844,0.0,True
UNKNOWN080226_010933_0001VRP_BOX_B_TEST_CLEANED,Taurus,T1,DEAD,EXCLUDE,No measurable signal variation,0.0,0.0,101.39999999999999,0.0,False
UNKNOWN080226_010933_0001VRP_BOX_B_TEST_CLEANED,Taurus,T2,GOOD,INCLUDE,Acceptable baseline and noise levels,0.09456515379531524,0.22992145207136314,1034.9734939759035,0.0,False
UNKNOWN080226_010933_0001VRP_BOX_B_TEST_CLEANED,Taurus,T3,POOR,MARGINAL,Significant drift persists after baseline correction,0.7815948108236572,0.2368469123635497,10074.6,0.0,True
UNKNOWN080226_010933_0001VRP_BOX_B_TEST_CLEANED,Taurus,T4,POOR,MARGINAL,Significant drift persists after baseline correction,9.662923246826981,0.16267547553554984,101219.36626506022,0.0,True
UNKNOWN080226_010933_0001VRP_BOX_B_TEST_CLEANED,Taurus,T5,POOR,MARGINAL,Significant drift persists after baseline correction,67.4021926458467,0.1299945856235944,994190.9530120482,0.0,True
UNKNOWN080226_010933_0001VRP_BOX_B_TEST_CLEANED,Taurus,T6,DEAD,EXCLUDE,No measurable signal variation,0.0,0.0,193.20000000000005,0.0,False
UNKNOWN080226_010933_0001VRP_BOX_B_TEST_CLEANED,Taurus,T7,EXCELLENT,INCLUDE,"Clean baseline, low noise, good SNR",0.1589247074501823,0.14447700675977068,2014.9120481927712,0.0,True
UNKNOWN080226_010933_0001VRP_BOX_B_TEST_CLEANED,Taurus,T8,POOR,MARGINAL,Significant drift persists after baseline correction,1.1505557510825966,0.1950094493328002,19763.273493975903,0.0,True
UNKNOWN080226_010933_0001VRP_BOX_B_TEST_CLEANED,Taurus,T9,POOR,MARGINAL,Significant drift persists after baseline correction,9.031963791075597,0.13810342188169097,198144.36987951808,0.0,True
UNKNOWN080226_010933_0001VRP_BOX_B_TEST_CLEANED,Taurus,T10,POOR,EXCLUDE,Resistance too high (1.93e+06Ω > 1MΩ) - not sensitive,319.2432678562692,0.14616027280297655,1931825.0590361448,0.0,True
UNKNOWN080226_010933_0001VRP_BOX_B_TEST_CLEANED,Taurus,T11,POOR,EXCLUDE,Resistance too low (482Ω < 1kΩ) - not sensitive,0.3219435926233382,0.20121474537701475,482.4180722891566,0.0,True
UNKNOWN080226_010933_0001VRP_BOX_B_TEST_CLEANED,Taurus,T12,POOR,MARGINAL,Significant drift persists after baseline correction,0.3198675978357467,0.15993379890987666,4863.197590361446,0.0,True
UNKNOWN080226_010933_0001VRP_BOX_B_TEST_CLEANED,Taurus,T13,POOR,MARGINAL,Significant drift persists after baseline correction,4.870072556464305,0.17028225721840162,48285.912048192775,0.0,True
UNKNOWN080226_010933_0001VRP_BOX_B_TEST_CLEANED,Taurus,T14,POOR,MARGINAL,Significant drift persists after baseline correction,179.31622513837445,0.1465720329723434,471769.43493975897,0.0,True
UNKNOWN080226_010933_0001VRP_BOX_B_TEST_CLEANED,Taurus,T15,DEAD,EXCLUDE,Sensor saturated or unstable,16053.492892267304,0.1777441140444572,10012526.072289156,0.0,True
UNKNOWN080226_010933_0001VRP_BOX_B_TEST_CLEANED,Taurus,T16,POOR,MARGINAL,Significant drift persists after baseline correction,0.8363145900655575,0.19007149773786808,10051.614457831325,0.0,True
UNKNOWN080226_010933_0001VRP_BOX_B_TEST_CLEANED,Taurus,T17,POOR,MARGINAL,Significant drift persists after baseline correction,0.9583710958104517,0.24573617840665832,9966.727710843374,0.0,True
UNKNOWN080226_010933_0001VRP_BOX_B_TEST_CLEANED,Taurus,T18,POOR,MARGINAL,Significant drift persists after baseline correction,2.6830637107011244,0.21992325497368623,9831.18313253012,0.0,True
UNKNOWN080226_010933_0001VRP_BOX_B_TEST_CLEANED,Taurus,T19,POOR,MARGINAL,Significant drift persists after baseline correction,5.217546045648107,0.3410160814126963,10007.484337349397,0.0,True
UNKNOWN080226_010933_0001VRP_BOX_B_TEST_CLEANED,Taurus,T20,POOR,MARGINAL,Significant drift persists after baseline correction,0.7418950963759025,0.15456147840839116,10077.026506024094,0.0,True
UNKNOWN080226_010933_0001VRP_BOX_B_TEST_CLEANED,Taurus,T21,POOR,MARGINAL,Significant drift persists after baseline correction,0.8445861593821362,0.23460726648849725,9986.169879518073,0.0,True
UNKNOWN080226_010933_0001VRP_BOX_B_TEST_CLEANED,Taurus,T22,POOR,MARGINAL,Significant drift persists after baseline correction,2.8715297848624974,0.20080627866029355,9756.69277108434,0.0,True
UNKNOWN080226_010933_0001VRP_BOX_B_TEST_CLEANED,Taurus,T23,POOR,MARGINAL,Significant drift persists after baseline correction,0.9465565293448484,0.16319940160838745,10047.98313253012,0.0,True
UNKNOWN080226_010933_0001VRP_BOX_B_TEST_CLEANED,Taurus,T24,POOR,MARGINAL,Significant drift persists after baseline correction,0.8786313969804783,0.18694285041744427,9934.834939759035,0.0,True
UNKNOWN080226_010933_0001VRP_BOX_B_TEST_CLEANED,Taurus,T25,GOOD,INCLUDE,Acceptable baseline and noise levels,0.9543134651139276,0.20745944893328394,10046.875903614458,0.0,True
UNKNOWN080226_010933_0001VRP_BOX_B_TEST_CLEANED,Taurus,T26,POOR,MARGINAL,Significant drift persists after baseline correction,0.7661722872903164,0.24715235073081007,9302.57590361446,0.0,True
UNKNOWN080226_010933_0001VRP_BOX_B_TEST_CLEANED,Taurus,T27,DEAD,EXCLUDE,No measurable signal variation,0.0,0.0,100.10000000000001,0.0,False
UNKNOWN080226_010933_0001VRP_BOX_B_TEST_CLEANED,Taurus,T28,POOR,EXCLUDE,Resistance too high (1.00e+06Ω > 1MΩ) - not sensitive,453.80757950517943,0.2569400857802999,1001235.9481927712,0.0,True
514 variable 1 and 2 % breath test 3_CLEANED,Variable,d1,MARGINAL,CAUTION,Borderline quality - review carefully,,,100000.41938348519,0.0,False
514 variable 1 and 2 % breath test 3_CLEANED,Variable,d2,MARGINAL,CAUTION,Borderline quality - review carefully,,,30011.929624911852,0.0,False
514 variable 1 and 2 % breath test 3_CLEANED,Variable,d3,MARGINAL,CAUTION,Borderline quality - review carefully,,,2633.9312666898822,0.0,False
514 variable 1 and 2 % breath test 3_CLEANED,Variable,d4,MARGINAL,CAUTION,Borderline quality - review carefully,,,78683.29557286721,0.0,False
514 variable 1 and 2 % breath test 3_CLEANED,Variable,d5,MARGINAL,CAUTION,Borderline quality - review carefully,,,35023.44650770431,0.0,False
514 variable 1 and 2 % breath test 3_CLEANED,Variable,d6,MARGINAL,CAUTION,Borderline quality - review carefully,,,52849.69039643742,0.0,False
514 variable 1 and 2 % breath test 3_CLEANED,Variable,d7,MARGINAL,CAUTION,Borderline quality - review carefully,,,8194.269038083141,0.0,False
514 variable 1 and 2 % breath test 3_CLEANED,Variable,d8,MARGINAL,CAUTION,Borderline quality - review carefully,,,16017.478957371664,0.0,False
514 variable 1 and 2 % breath test 3_CLEANED,Variable,d9,MARGINAL,CAUTION,Borderline quality - review carefully,,,1709.569648288578,0.0,False
514 variable 1 and 2 % breath test 3_CLEANED,Variable,d10,MARGINAL,CAUTION,Borderline quality - review carefully,,,1813.1368180694888,0.0,False
514 variable 1 and 2 % breath test 3_CLEANED,Variable,d11,MARGINAL,CAUTION,Borderline quality - review carefully,,,2690.4416623297593,0.0,False
514 variable 1 and 2 % breath test 3_CLEANED,Variable,d12,MARGINAL,CAUTION,Borderline quality - review carefully,,,2700.589887390523,0.0,False
514 variable 1 and 2 % breath test 3_CLEANED,Variable,d13,MARGINAL,CAUTION,Borderline quality - review carefully,,,3799.3038560287705,0.0,False
514 variable 1 and 2 % breath test 3_CLEANED,Variable,d14,MARGINAL,CAUTION,Borderline quality - review carefully,,,2338.558891888482,0.0,False
514 variable 1 and 2 % breath test 3_CLEANED,Variable,d15,MARGINAL,CAUTION,Borderline quality - review carefully,,,3184.6935249809912,0.0,False
514 variable 1 and 2 % breath test 3_CLEANED,Variable,d16,MARGINAL,CAUTION,Borderline quality - review carefully,,,23445.45968904324,0.0,False
514 variable 1 and 2 % breath test 3_CLEANED,Variable,d17,MARGINAL,CAUTION,Borderline quality - review carefully,,,38631.12522686021,0.0,False
514 variable 1 and 2 % breath test 3_CLEANED,Variable,d18,MARGINAL,CAUTION,Borderline quality - review carefully,,,19421.287916243396,0.0,False
514 variable 1 and 2 % breath test 3_CLEANED,Variable,d19,MARGINAL,CAUTION,Borderline quality - review carefully,,,29531.298288765556,0.0,False
514 variable 1 and 2 % breath test 3_CLEANED,Variable,d20,MARGINAL,CAUTION,Borderline quality - review carefully,,,3815.708003944577,0.0,False
514 variable 1 and 2 % breath test 3_CLEANED,Variable,d21,MARGINAL,CAUTION,Borderline quality - review carefully,,,15301.187036083353,0.0,False
514 variable 1 and 2 % breath test 3_CLEANED,Variable,d22,MARGINAL,CAUTION,Borderline quality - review carefully,,,54686.146400483914,0.0,False
514 variable 1 and 2 % breath test 3_CLEANED,Variable,d23,MARGINAL,CAUTION,Borderline quality - review carefully,,,46334.145000392695,0.0,False
514 variable 1 and 2 % breath test 3_CLEANED,Variable,d24,MARGINAL,CAUTION,Borderline quality - review carefully,,,38969.78665373404,0.0,False
514 variable 1 and 2 % breath test 3_CLEANED,Variable,d25,MARGINAL,CAUTION,Borderline quality - review carefully,,,25591.190613258525,0.0,False
514 variable 1 and 2 % breath test 3_CLEANED,Variable,d26,POOR,EXCLUDE,Resistance too low (843Ω < 1kΩ) - not sensitive,,,843.4259419188162,0.0,False
514 variable 1 and 2 % breath test 3_CLEANED,Variable,d27,MARGINAL,CAUTION,Borderline quality - review carefully,,,4971.631579502205,0.0,False
514 variable 1 and 2 % breath test 3_CLEANED,Variable,d28,MARGINAL,CAUTION,Borderline quality - review carefully,,,36827.06220035815,0.0,False
514 variable 1 and 2 % breath test 3_CLEANED,Variable,d29,MARGINAL,CAUTION,Borderline quality - review carefully,,,7272.372618225567,0.0,False
514 variable 1 and 2 % breath test 3_CLEANED,Variable,d30,MARGINAL,CAUTION,Borderline quality - review carefully,,,18972.776554259734,0.0,False
514 variable 1 and 2 % breath test 3_CLEANED,Variable,d31,MARGINAL,CAUTION,Borderline quality - review carefully,,,32008.805835387637,0.0,False
514 variable 1 and 2 % breath test 3_CLEANED,Variable,d32,MARGINAL,CAUTION,Borderline quality - review carefully,,,23113.654022744886,0.0,False
514 variable 1 and 2 % breath test 3_CLEANED,Variable,d33,MARGINAL,CAUTION,Borderline quality - review carefully,,,11201.522661998471,0.0,False
514 variable 1 and 2 % breath test 3_CLEANED,Variable,d34,MARGINAL,CAUTION,Borderline quality - review carefully,,,52670.48885195952,0.0,False
514 variable 1 and 2 % breath test 3_CLEANED,Variable,d35,MARGINAL,CAUTION,Borderline quality - review carefully,,,34279.6906667053,0.0,False
514 variable 1 and 2 % breath test 3_CLEANED,Variable,d36,MARGINAL,CAUTION,Borderline quality - review carefully,,,266074.9495597941,0.0,False
514 variable 1 and 2 % breath test 3_CLEANED,Variable,d37,MARGINAL,CAUTION,Borderline quality - review carefully,,,11226.833711970412,0.0,False
514 variable 1 and 2 % breath test 3_CLEANED,Variable,d38,MARGINAL,CAUTION,Borderline quality - review carefully,,,7553.747934651893,0.0,False
514 variable 1 and 2 % breath test 3_CLEANED,Variable,d39,MARGINAL,CAUTION,Borderline quality - review carefully,,,25745.155270067873,0.0,False
514 variable 1 and 2 % breath test 3_CLEANED,Variable,d40,MARGINAL,CAUTION,Borderline quality - review carefully,,,56889.292196007205,0.0,False
514 variable 1 and 2 % breath test 3_CLEANED,Variable,d41,MARGINAL,CAUTION,Borderline quality - review carefully,,,52105.07513218204,0.0,False
514 variable 1 and 2 % breath test 3_CLEANED,Variable,d42,MARGINAL,CAUTION,Borderline quality - review carefully,,,3974.6977160770202,0.0,False
514 variable 1 and 2 % breath test 3_CLEANED,Variable,d43,MARGINAL,CAUTION,Borderline quality - review carefully,,,24567.7962498405,0.0,False
514 variable 1 and 2 % breath test 3_CLEANED,Variable,d44,POOR,EXCLUDE,Resistance too low (601Ω < 1kΩ) - not sensitive,,,601.1583975348692,0.0,False
514 variable 1 and 2 % breath test 3_CLEANED,Variable,d45,MARGINAL,CAUTION,Borderline quality - review carefully,,,104854.88439286551,0.0,False
514 variable 1 and 2 % breath test 3_CLEANED,Variable,d46,POOR,EXCLUDE,Resistance too low (922Ω < 1kΩ) - not sensitive,,,922.4726013764147,0.0,False
514 variable 1 and 2 % breath test 3_CLEANED,Variable,d47,MARGINAL,CAUTION,Borderline quality - review carefully,,,53466.040048120645,0.0,False
514 variable 1 and 2 % breath test 3_CLEANED,Variable,d48,MARGINAL,CAUTION,Borderline quality - review carefully,,,60834.50604654251,0.0,False
514 variable 1 and 2 % breath test 3_CLEANED,Variable,d49,POOR,EXCLUDE,Resistance too high (9.37e+07Ω > 1MΩ) - not sensitive,,,93684970.9351543,0.0,False
514 variable 1 and 2 % breath test 3_CLEANED,Variable,d50,POOR,EXCLUDE,Resistance too high (9.37e+07Ω > 1MΩ) - not sensitive,,,93679891.64174046,0.0,False
514 variable 1 and 2 % breath test 3_CLEANED,Variable,d51,POOR,EXCLUDE,Resistance too high (9.37e+07Ω > 1MΩ) - not sensitive,,,93678988.65624465,0.0,False
514 variable 1 and 2 % breath test 3_CLEANED,Variable,d52,POOR,EXCLUDE,Resistance too high (9.37e+07Ω > 1MΩ) - not sensitive,,,93679383.71239907,0.0,False
514 variable 1 and 2 % breath test 3_CLEANED,Variable,d53,POOR,EXCLUDE,Resistance too high (9.37e+07Ω > 1MΩ) - not sensitive,,,93680512.44426881,0.0,False
514 variable 1 and 2 % breath test 3_CLEANED,Variable,d54,POOR,EXCLUDE,Resistance too high (9.37e+07Ω > 1MΩ) - not sensitive,,,93677634.17800099,0.0,False
514 variable 1 and 2 % breath test 3_CLEANED,Variable,d55,POOR,EXCLUDE,Resistance too high (9.37e+07Ω > 1MΩ) - not sensitive,,,93679665.8953665,0.0,False
514 variable 1 and 2 % breath test 3_CLEANED,Variable,d56,POOR,EXCLUDE,Resistance too high (9.37e+07Ω > 1MΩ) - not sensitive,,,93679665.8953665,0.0,False
514 variable 1 and 2 % breath test 3_CLEANED,Variable,d57,POOR,EXCLUDE,Resistance too high (9.37e+07Ω > 1MΩ) - not sensitive,,,93680117.38811441,0.0,False
514 variable 1 and 2 % breath test 3_CLEANED,Variable,d58,POOR,EXCLUDE,Resistance too high (9.00e+07Ω > 1MΩ) - not sensitive,,,89989070.44100766,0.0,False
514 variable 1 and 2 % breath test 3_CLEANED,Variable,d59,POOR,EXCLUDE,Resistance too high (9.37e+07Ω > 1MΩ) - not sensitive,,,93684575.87899989,0.0,False
514 variable 1 and 2 % breath test 3_CLEANED,Variable,d60,POOR,EXCLUDE,Resistance too high (9.37e+07Ω > 1MΩ) - not sensitive,,,93679722.33196,0.0,False
514 variable 1 and 2 % breath test 3_CLEANED,Variable,d61,POOR,EXCLUDE,Resistance too high (9.37e+07Ω > 1MΩ) - not sensitive,,,93682374.8518539,0.0,False
514 variable 1 and 2 % breath test 3_CLEANED,Variable,d62,POOR,EXCLUDE,Resistance too high (9.37e+07Ω > 1MΩ) - not sensitive,,,93680004.51492742,0.0,False
514 variable 1 and 2 % breath test 3_CLEANED,Variable,d63,POOR,EXCLUDE,Resistance too high (9.37e+07Ω > 1MΩ) - not sensitive,,,93679835.20514695,0.0,False
514 variable 1 and 2 % breath test 3_CLEANED,Variable,d64,POOR,EXCLUDE,Resistance too high (9.37e+07Ω > 1MΩ) - not sensitive,,,93680738.19064277,0.0,False
514 variable 1 and 2 % breath test 2_CLEANED,Variable,d1,MARGINAL,CAUTION,Borderline quality - review carefully,,,99999.99999999987,0.0,False
514 variable 1 and 2 % breath test 2_CLEANED,Variable,d2,MARGINAL,CAUTION,Borderline quality - review carefully,,,30002.776701536823,0.0,False
514 variable 1 and 2 % breath test 2_CLEANED,Variable,d3,MARGINAL,CAUTION,Borderline quality - review carefully,,,2633.4823007054165,0.0,False
514 variable 1 and 2 % breath test 2_CLEANED,Variable,d4,MARGINAL,CAUTION,Borderline quality - review carefully,,,78690.82044273666,0.0,False
514 variable 1 and 2 % breath test 2_CLEANED,Variable,d5,MARGINAL,CAUTION,Borderline quality - review carefully,,,34946.77813353176,0.0,False
514 variable 1 and 2 % breath test 2_CLEANED,Variable,d6,MARGINAL,CAUTION,Borderline quality - review carefully,,,52788.08504001912,0.0,False
514 variable 1 and 2 % breath test 2_CLEANED,Variable,d7,MARGINAL,CAUTION,Borderline quality - review carefully,,,8212.391556776663,0.0,False
514 variable 1 and 2 % breath test 2_CLEANED,Variable,d8,MARGINAL,CAUTION,Borderline quality - review carefully,,,15995.732490635248,0.0,False
514 variable 1 and 2 % breath test 2_CLEANED,Variable,d9,MARGINAL,CAUTION,Borderline quality - review carefully,,,1708.4044950538662,0.0,False
514 variable 1 and 2 % breath test 2_CLEANED,Variable,d10,MARGINAL,CAUTION,Borderline quality - review carefully,,,1813.2583235897282,0.0,False
514 variable 1 and 2 % breath test 2_CLEANED,Variable,d11,MARGINAL,CAUTION,Borderline quality - review carefully,,,2691.777910041658,0.0,False
514 variable 1 and 2 % breath test 2_CLEANED,Variable,d12,MARGINAL,CAUTION,Borderline quality - review carefully,,,2699.9171558627772,0.0,False
514 variable 1 and 2 % breath test 2_CLEANED,Variable,d13,MARGINAL,CAUTION,Borderline quality - review carefully,,,3794.269435117437,0.0,False
514 variable 1 and 2 % breath test 2_CLEANED,Variable,d14,MARGINAL,CAUTION,Borderline quality - review carefully,,,2346.9756158377527,0.0,False
514 variable 1 and 2 % breath test 2_CLEANED,Variable,d15,MARGINAL,CAUTION,Borderline quality - review carefully,,,3182.2822708881577,0.0,False
514 variable 1 and 2 % breath test 2_CLEANED,Variable,d16,MARGINAL,CAUTION,Borderline quality - review carefully,,,23471.08836126792,0.0,False
514 variable 1 and 2 % breath test 2_CLEANED,Variable,d17,MARGINAL,CAUTION,Borderline quality - review carefully,,,38667.088095060986,0.0,False
514 variable 1 and 2 % breath test 2_CLEANED,Variable,d18,MARGINAL,CAUTION,Borderline quality - review carefully,,,19417.892626032855,0.0,False
514 variable 1 and 2 % breath test 2_CLEANED,Variable,d19,MARGINAL,CAUTION,Borderline quality - review carefully,,,27646.615069218846,0.0,False
514 variable 1 and 2 % breath test 2_CLEANED,Variable,d20,MARGINAL,CAUTION,Borderline quality - review carefully,,,3816.1417943319407,0.0,False
514 variable 1 and 2 % breath test 2_CLEANED,Variable,d21,MARGINAL,CAUTION,Borderline quality - review carefully,,,15318.785834074435,0.0,False
514 variable 1 and 2 % breath test 2_CLEANED,Variable,d22,MARGINAL,CAUTION,Borderline quality - review carefully,,,54674.89413188137,0.0,False
514 variable 1 and 2 % breath test 2_CLEANED,Variable,d23,MARGINAL,CAUTION,Borderline quality - review carefully,,,46285.35796177087,0.0,False
514 variable 1 and 2 % breath test 2_CLEANED,Variable,d24,MARGINAL,CAUTION,Borderline quality - review carefully,,,38933.393022205055,0.0,False
514 variable 1 and 2 % breath test 2_CLEANED,Variable,d25,MARGINAL,CAUTION,Borderline quality - review carefully,,,25624.67120382313,0.0,False
514 variable 1 and 2 % breath test 2_CLEANED,Variable,d26,POOR,EXCLUDE,Resistance too low (843Ω < 1kΩ) - not sensitive,,,843.4572913238619,0.0,False
514 variable 1 and 2 % breath test 2_CLEANED,Variable,d27,MARGINAL,CAUTION,Borderline quality - review carefully,,,4975.170514788495,0.0,False
514 variable 1 and 2 % breath test 2_CLEANED,Variable,d28,MARGINAL,CAUTION,Borderline quality - review carefully,,,36812.07620404022,0.0,False
514 variable 1 and 2 % breath test 2_CLEANED,Variable,d29,MARGINAL,CAUTION,Borderline quality - review carefully,,,7275.953390679093,0.0,False
514 variable 1 and 2 % breath test 2_CLEANED,Variable,d30,MARGINAL,CAUTION,Borderline quality - review carefully,,,18988.182541581988,0.0,False
514 variable 1 and 2 % breath test 2_CLEANED,Variable,d31,MARGINAL,CAUTION,Borderline quality - review carefully,,,31960.678978558873,0.0,False
514 variable 1 and 2 % breath test 2_CLEANED,Variable,d32,MARGINAL,CAUTION,Borderline quality - review carefully,,,23142.546415355027,0.0,False
514 variable 1 and 2 % breath test 2_CLEANED,Variable,d33,MARGINAL,CAUTION,Borderline quality - review carefully,,,11242.188522395556,0.0,False
514 variable 1 and 2 % breath test 2_CLEANED,Variable,d34,MARGINAL,CAUTION,Borderline quality - review carefully,,,52658.22364231402,0.0,False
514 variable 1 and 2 % breath test 2_CLEANED,Variable,d35,MARGINAL,CAUTION,Borderline quality - review carefully,,,34209.292089673894,0.0,False
514 variable 1 and 2 % breath test 2_CLEANED,Variable,d36,MARGINAL,CAUTION,Borderline quality - review carefully,,,266333.68152807705,0.0,False
514 variable 1 and 2 % breath test 2_CLEANED,Variable,d37,MARGINAL,CAUTION,Borderline quality - review carefully,,,11279.699815588749,0.0,False
514 variable 1 and 2 % breath test 2_CLEANED,Variable,d38,MARGINAL,CAUTION,Borderline quality - review carefully,,,7577.656848320678,0.0,False
514 variable 1 and 2 % breath test 2_CLEANED,Variable,d39,MARGINAL,CAUTION,Borderline quality - review carefully,,,25757.85657383465,0.0,False
514 variable 1 and 2 % breath test 2_CLEANED,Variable,d40,MARGINAL,CAUTION,Borderline quality - review carefully,,,56896.43073200237,0.0,False
514 variable 1 and 2 % breath test 2_CLEANED,Variable,d41,MARGINAL,CAUTION,Borderline quality - review carefully,,,52146.74990091156,0.0,False
514 variable 1 and 2 % breath test 2_CLEANED,Variable,d42,MARGINAL,CAUTION,Borderline quality - review carefully,,,3975.4691524592117,0.0,False
514 variable 1 and 2 % breath test 2_CLEANED,Variable,d43,MARGINAL,CAUTION,Borderline quality - review carefully,,,24577.523843896066,0.0,False
514 variable 1 and 2 % breath test 2_CLEANED,Variable,d44,POOR,EXCLUDE,Resistance too low (610Ω < 1kΩ) - not sensitive,,,610.0098955700151,0.0,False
514 variable 1 and 2 % breath test 2_CLEANED,Variable,d45,MARGINAL,CAUTION,Borderline quality - review carefully,,,104885.00042216295,0.0,False
514 variable 1 and 2 % breath test 2_CLEANED,Variable,d46,POOR,EXCLUDE,Resistance too low (926Ω < 1kΩ) - not sensitive,,,926.2792478687593,0.0,False
514 variable 1 and 2 % breath test 2_CLEANED,Variable,d47,MARGINAL,CAUTION,Borderline quality - review carefully,,,53511.27429415807,0.0,False
514 variable 1 and 2 % breath test 2_CLEANED,Variable,d48,MARGINAL,CAUTION,Borderline quality - review carefully,,,60721.16864674118,0.0,False
514 variable 1 and 2 % breath test 2_CLEANED,Variable,d49,POOR,EXCLUDE,Resistance too high (9.38e+07Ω > 1MΩ) - not sensitive,,,93846014.69756919,0.0,False
514 variable 1 and 2 % breath test 2_CLEANED,Variable,d50,POOR,EXCLUDE,Resistance too high (9.37e+07Ω > 1MΩ) - not sensitive,,,93686325.41339798,0.0,False
514 variable 1 and 2 % breath test 2_CLEANED,Variable,d51,POOR,EXCLUDE,Resistance too high (9.37e+07Ω > 1MΩ) - not sensitive,,,93686551.15977192,0.0,False
514 variable 1 and 2 % breath test 2_CLEANED,Variable,d52,POOR,EXCLUDE,Resistance too high (9.37e+07Ω > 1MΩ) - not sensitive,,,93685591.73768266,0.0,False
514 variable 1 and 2 % breath test 2_CLEANED,Variable,d53,POOR,EXCLUDE,Resistance too high (9.37e+07Ω > 1MΩ) - not sensitive,,,93687059.08911332,0.0,False
514 variable 1 and 2 % breath test 2_CLEANED,Variable,d54,POOR,EXCLUDE,Resistance too high (9.37e+07Ω > 1MΩ) - not sensitive,,,93683842.20328459,0.0,False
514 variable 1 and 2 % breath test 2_CLEANED,Variable,d55,POOR,EXCLUDE,Resistance too high (9.37e+07Ω > 1MΩ) - not sensitive,,,93685365.99130869,0.0,False
514 variable 1 and 2 % breath test 2_CLEANED,Variable,d56,POOR,EXCLUDE,Resistance too high (9.37e+07Ω > 1MΩ) - not sensitive,,,93685986.79383706,0.0,False
514 variable 1 and 2 % breath test 2_CLEANED,Variable,d57,POOR,EXCLUDE,Resistance too high (9.37e+07Ω > 1MΩ) - not sensitive,,,93685930.35724358,0.0,False
514 variable 1 and 2 % breath test 2_CLEANED,Variable,d58,POOR,EXCLUDE,Resistance too high (9.00e+07Ω > 1MΩ) - not sensitive,,,89985299.74315533,0.0,False
514 variable 1 and 2 % breath test 2_CLEANED,Variable,d59,POOR,EXCLUDE,Resistance too high (9.37e+07Ω > 1MΩ) - not sensitive,,,93689993.7919747,0.0,False
514 variable 1 and 2 % breath test 2_CLEANED,Variable,d60,POOR,EXCLUDE,Resistance too high (9.37e+07Ω > 1MΩ) - not sensitive,,,93686268.97680451,0.0,False
514 variable 1 and 2 % breath test 2_CLEANED,Variable,d61,POOR,EXCLUDE,Resistance too high (9.37e+07Ω > 1MΩ) - not sensitive,,,93689542.2992268,0.0,False
514 variable 1 and 2 % breath test 2_CLEANED,Variable,d62,POOR,EXCLUDE,Resistance too high (9.37e+07Ω > 1MΩ) - not sensitive,,,93686212.54021102,0.0,False
514 variable 1 and 2 % breath test 2_CLEANED,Variable,d63,POOR,EXCLUDE,Resistance too high (9.37e+07Ω > 1MΩ) - not sensitive,,,93686212.54021104,0.0,False
514 variable 1 and 2 % breath test 2_CLEANED,Variable,d64,POOR,EXCLUDE,Resistance too high (9.37e+07Ω > 1MΩ) - not sensitive,,,93686946.21592635,0.0,False
514 variable 1 and 2 % breath test 1_CLEANED,Variable,d1,MARGINAL,CAUTION,Borderline quality - review carefully,,,99999.05638715801,0.0,False
514 variable 1 and 2 % breath test 1_CLEANED,Variable,d2,MARGINAL,CAUTION,Borderline quality - review carefully,,,29988.545541957148,0.0,False
514 variable 1 and 2 % breath test 1_CLEANED,Variable,d3,MARGINAL,CAUTION,Borderline quality - review carefully,,,2631.35376756066,0.0,False
514 variable 1 and 2 % breath test 1_CLEANED,Variable,d4,MARGINAL,CAUTION,Borderline quality - review carefully,,,78638.61455528268,0.0,False
514 variable 1 and 2 % breath test 1_CLEANED,Variable,d5,MARGINAL,CAUTION,Borderline quality - review carefully,,,34898.72942769063,0.0,False
514 variable 1 and 2 % breath test 1_CLEANED,Variable,d6,MARGINAL,CAUTION,Borderline quality - review carefully,,,52746.17645261463,0.0,False
514 variable 1 and 2 % breath test 1_CLEANED,Variable,d7,MARGINAL,CAUTION,Borderline quality - review carefully,,,8223.980928089139,0.0,False
514 variable 1 and 2 % breath test 1_CLEANED,Variable,d8,MARGINAL,CAUTION,Borderline quality - review carefully,,,15988.240247979531,0.0,False
514 variable 1 and 2 % breath test 1_CLEANED,Variable,d9,MARGINAL,CAUTION,Borderline quality - review carefully,,,1707.1728618635946,0.0,False
514 variable 1 and 2 % breath test 1_CLEANED,Variable,d10,MARGINAL,CAUTION,Borderline quality - review carefully,,,1813.5144239603064,0.0,False
514 variable 1 and 2 % breath test 1_CLEANED,Variable,d11,MARGINAL,CAUTION,Borderline quality - review carefully,,,2689.6845469419595,0.0,False
514 variable 1 and 2 % breath test 1_CLEANED,Variable,d12,MARGINAL,CAUTION,Borderline quality - review carefully,,,2699.8086427238345,0.0,False
514 variable 1 and 2 % breath test 1_CLEANED,Variable,d13,MARGINAL,CAUTION,Borderline quality - review carefully,,,3796.0367037091823,0.0,False
514 variable 1 and 2 % breath test 1_CLEANED,Variable,d14,MARGINAL,CAUTION,Borderline quality - review carefully,,,2351.101268733561,0.0,False
514 variable 1 and 2 % breath test 1_CLEANED,Variable,d15,MARGINAL,CAUTION,Borderline quality - review carefully,,,3185.241944093364,0.0,False
514 variable 1 and 2 % breath test 1_CLEANED,Variable,d16,MARGINAL,CAUTION,Borderline quality - review carefully,,,23504.49580144159,0.0,False
514 variable 1 and 2 % breath test 1_CLEANED,Variable,d17,MARGINAL,CAUTION,Borderline quality - review carefully,,,38564.994014981,0.0,False
514 variable 1 and 2 % breath test 1_CLEANED,Variable,d18,MARGINAL,CAUTION,Borderline quality - review carefully,,,19389.877641824198,0.0,False
514 variable 1 and 2 % breath test 1_CLEANED,Variable,d19,MARGINAL,CAUTION,Borderline quality - review carefully,,,27741.870880821425,0.0,False
514 variable 1 and 2 % breath test 1_CLEANED,Variable,d20,MARGINAL,CAUTION,Borderline quality - review carefully,,,3814.550780068019,0.0,False
514 variable 1 and 2 % breath test 1_CLEANED,Variable,d21,MARGINAL,CAUTION,Borderline quality - review carefully,,,15391.54871146491,0.0,False
514 variable 1 and 2 % breath test 1_CLEANED,Variable,d22,MARGINAL,CAUTION,Borderline quality - review carefully,,,54575.049359474666,0.0,False
514 variable 1 and 2 % breath test 1_CLEANED,Variable,d23,MARGINAL,CAUTION,Borderline quality - review carefully,,,46372.72705024346,0.0,False
514 variable 1 and 2 % breath test 1_CLEANED,Variable,d24,MARGINAL,CAUTION,Borderline quality - review carefully,,,39018.22683758981,0.0,False
514 variable 1 and 2 % breath test 1_CLEANED,Variable,d25,MARGINAL,CAUTION,Borderline quality - review carefully,,,25598.607984754068,0.0,False
514 variable 1 and 2 % breath test 1_CLEANED,Variable,d26,POOR,EXCLUDE,Resistance too low (844Ω < 1kΩ) - not sensitive,,,843.6074923450061,0.0,False
514 variable 1 and 2 % breath test 1_CLEANED,Variable,d27,MARGINAL,CAUTION,Borderline quality - review carefully,,,4972.967285048346,0.0,False
514 variable 1 and 2 % breath test 1_CLEANED,Variable,d28,MARGINAL,CAUTION,Borderline quality - review carefully,,,36797.81151303813,0.0,False
514 variable 1 and 2 % breath test 1_CLEANED,Variable,d29,MARGINAL,CAUTION,Borderline quality - review carefully,,,7241.146519414358,0.0,False
514 variable 1 and 2 % breath test 1_CLEANED,Variable,d30,MARGINAL,CAUTION,Borderline quality - review carefully,,,18991.44935568508,0.0,False
514 variable 1 and 2 % breath test 1_CLEANED,Variable,d31,MARGINAL,CAUTION,Borderline quality - review carefully,,,31982.378854625505,0.0,False
514 variable 1 and 2 % breath test 1_CLEANED,Variable,d32,MARGINAL,CAUTION,Borderline quality - review carefully,,,23168.33727704271,0.0,False
514 variable 1 and 2 % breath test 1_CLEANED,Variable,d33,MARGINAL,CAUTION,Borderline quality - review carefully,,,11196.99634013834,0.0,False
514 variable 1 and 2 % breath test 1_CLEANED,Variable,d34,MARGINAL,CAUTION,Borderline quality - review carefully,,,52547.64392695424,0.0,False
514 variable 1 and 2 % breath test 1_CLEANED,Variable,d35,MARGINAL,CAUTION,Borderline quality - review carefully,,,34129.469670510836,0.0,False
514 variable 1 and 2 % breath test 1_CLEANED,Variable,d36,MARGINAL,CAUTION,Borderline quality - review carefully,,,265753.97164941055,0.0,False
514 variable 1 and 2 % breath test 1_CLEANED,Variable,d37,MARGINAL,CAUTION,Borderline quality - review carefully,,,11286.604945274416,0.0,False
514 variable 1 and 2 % breath test 1_CLEANED,Variable,d38,MARGINAL,CAUTION,Borderline quality - review carefully,,,7559.876744946071,0.0,False
514 variable 1 and 2 % breath test 1_CLEANED,Variable,d39,MARGINAL,CAUTION,Borderline quality - review carefully,,,25781.741810987558,0.0,False
514 variable 1 and 2 % breath test 1_CLEANED,Variable,d40,MARGINAL,CAUTION,Borderline quality - review carefully,,,56865.45674531151,0.0,False
514 variable 1 and 2 % breath test 1_CLEANED,Variable,d41,MARGINAL,CAUTION,Borderline quality - review carefully,,,52240.08792416535,0.0,False
514 variable 1 and 2 % breath test 1_CLEANED,Variable,d42,MARGINAL,CAUTION,Borderline quality - review carefully,,,3967.7415285772504,0.0,False
514 variable 1 and 2 % breath test 1_CLEANED,Variable,d43,MARGINAL,CAUTION,Borderline quality - review carefully,,,24563.554047303718,0.0,False
514 variable 1 and 2 % breath test 1_CLEANED,Variable,d44,POOR,EXCLUDE,Resistance too low (614Ω < 1kΩ) - not sensitive,,,614.2844457599522,0.0,False
514 variable 1 and 2 % breath test 1_CLEANED,Variable,d45,MARGINAL,CAUTION,Borderline quality - review carefully,,,104869.3344338505,0.0,False
514 variable 1 and 2 % breath test 1_CLEANED,Variable,d46,POOR,EXCLUDE,Resistance too low (955Ω < 1kΩ) - not sensitive,,,955.3078829064624,0.0,False
514 variable 1 and 2 % breath test 1_CLEANED,Variable,d47,MARGINAL,CAUTION,Borderline quality - review carefully,,,53418.66323331836,0.0,False
514 variable 1 and 2 % breath test 1_CLEANED,Variable,d48,MARGINAL,CAUTION,Borderline quality - review carefully,,,60748.1236611186,0.0,False
514 variable 1 and 2 % breath test 1_CLEANED,Variable,d49,POOR,EXCLUDE,Resistance too high (9.39e+07Ω > 1MΩ) - not sensitive,,,93853759.1859807,0.0,False
514 variable 1 and 2 % breath test 1_CLEANED,Variable,d50,POOR,EXCLUDE,Resistance too high (9.38e+07Ω > 1MΩ) - not sensitive,,,93847201.80893156,0.0,False
514 variable 1 and 2 % breath test 1_CLEANED,Variable,d51,POOR,EXCLUDE,Resistance too high (9.38e+07Ω > 1MΩ) - not sensitive,,,93846184.28490666,0.0,False
514 variable 1 and 2 % breath test 1_CLEANED,Variable,d52,POOR,EXCLUDE,Resistance too high (9.38e+07Ω > 1MΩ) - not sensitive,,,93846410.40135667,0.0,False
514 variable 1 and 2 % breath test 1_CLEANED,Variable,d53,POOR,EXCLUDE,Resistance too high (9.38e+07Ω > 1MΩ) - not sensitive,,,93848049.74561894,0.0,False
514 variable 1 and 2 % breath test 1_CLEANED,Variable,d54,POOR,EXCLUDE,Resistance too high (9.38e+07Ω > 1MΩ) - not sensitive,,,93846693.04691914,0.0,False
514 variable 1 and 2 % breath test 1_CLEANED,Variable,d55,POOR,EXCLUDE,Resistance too high (9.38e+07Ω > 1MΩ) - not sensitive,,,93846579.9886941,0.0,False
514 variable 1 and 2 % breath test 1_CLEANED,Variable,d56,POOR,EXCLUDE,Resistance too high (9.38e+07Ω > 1MΩ) - not sensitive,,,93846919.16336907,0.0,False
514 variable 1 and 2 % breath test 1_CLEANED,Variable,d57,POOR,EXCLUDE,Resistance too high (9.38e+07Ω > 1MΩ) - not sensitive,,,93847032.22159407,0.0,False
514 variable 1 and 2 % breath test 1_CLEANED,Variable,d58,DEAD,EXCLUDE,Sensor saturated or unstable,,,89990436.6358817,0.0,False
514 variable 1 and 2 % breath test 1_CLEANED,Variable,d59,POOR,EXCLUDE,Resistance too high (9.39e+07Ω > 1MΩ) - not sensitive,,,93852063.31260596,0.0,False
514 variable 1 and 2 % breath test 1_CLEANED,Variable,d60,POOR,EXCLUDE,Resistance too high (9.38e+07Ω > 1MΩ) - not sensitive,,,93847201.80893154,0.0,False
514 variable 1 and 2 % breath test 1_CLEANED,Variable,d61,POOR,EXCLUDE,Resistance too high (9.38e+07Ω > 1MΩ) - not sensitive,,,93849745.61899373,0.0,False
514 variable 1 and 2 % breath test 1_CLEANED,Variable,d62,POOR,EXCLUDE,Resistance too high (9.38e+07Ω > 1MΩ) - not sensitive,,,93847654.04183148,0.0,False
514 variable 1 and 2 % breath test 1_CLEANED,Variable,d63,POOR,EXCLUDE,Resistance too high (9.38e+07Ω > 1MΩ) - not sensitive,,,93847597.512719,0.0,False
514 variable 1 and 2 % breath test 1_CLEANED,Variable,d64,POOR,EXCLUDE,Resistance too high (9.38e+07Ω > 1MΩ) - not sensitive,,,93847936.68739398,0.0,False
514 Disease chips variable long test 1_CLEANED,Variable,d1,MARGINAL,CAUTION,Borderline quality - review carefully,,,1000.1245831828161,0.0,False
514 Disease chips variable long test 1_CLEANED,Variable,d2,POOR,EXCLUDE,Resistance too low (90Ω < 1kΩ) - not sensitive,,,90.17353388019434,0.0,False
514 Disease chips variable long test 1_CLEANED,Variable,d3,DEAD,EXCLUDE,No measurable signal variation,,,7.320174163104756,0.0,False
514 Disease chips variable long test 1_CLEANED,Variable,d4,MARGINAL,CAUTION,Borderline quality - review carefully,,,310374.0316470811,0.0,False
514 Disease chips variable long test 1_CLEANED,Variable,d5,MARGINAL,CAUTION,Borderline quality - review carefully,,,2977.222610514221,0.0,False
514 Disease chips variable long test 1_CLEANED,Variable,d6,DEAD,EXCLUDE,Sensor saturated or unstable,,,93301883.76496257,0.0,False
514 Disease chips variable long test 1_CLEANED,Variable,d7,POOR,EXCLUDE,Resistance too high (9.37e+07Ω > 1MΩ) - not sensitive,,,93677545.65001121,0.0,False
514 Disease chips variable long test 1_CLEANED,Variable,d8,MARGINAL,CAUTION,Borderline quality - review carefully,,,10830.546316125165,0.0,False
514 Disease chips variable long test 1_CLEANED,Variable,d9,POOR,EXCLUDE,Resistance too low (976Ω < 1kΩ) - not sensitive,,,976.3327462507034,0.0,False
514 Disease chips variable long test 1_CLEANED,Variable,d10,MARGINAL,CAUTION,Borderline quality - review carefully,,,1738.661972937714,0.0,False
514 Disease chips variable long test 1_CLEANED,Variable,d11,POOR,EXCLUDE,Resistance too low (72Ω < 1kΩ) - not sensitive,,,72.31289243126557,0.0,False
514 Disease chips variable long test 1_CLEANED,Variable,d12,POOR,EXCLUDE,Resistance too low (471Ω < 1kΩ) - not sensitive,,,471.4716094771237,0.0,False
514 Disease chips variable long test 1_CLEANED,Variable,d13,MARGINAL,CAUTION,Borderline quality - review carefully,,,936292.659212445,0.0,False
514 Disease chips variable long test 1_CLEANED,Variable,d14,POOR,EXCLUDE,Resistance too low (849Ω < 1kΩ) - not sensitive,,,849.2942162478921,0.0,False
514 Disease chips variable long test 1_CLEANED,Variable,d15,MARGINAL,CAUTION,Borderline quality - review carefully,,,327026.9101827938,0.0,False
514 Disease chips variable long test 1_CLEANED,Variable,d16,DEAD,EXCLUDE,Sensor saturated or unstable,,,4576298.150465855,0.0,False
514 Disease chips variable long test 1_CLEANED,Variable,d17,POOR,EXCLUDE,Resistance too low (955Ω < 1kΩ) - not sensitive,,,955.2289105230278,0.0,False
514 Disease chips variable long test 1_CLEANED,Variable,d18,POOR,EXCLUDE,Resistance too low (155Ω < 1kΩ) - not sensitive,,,154.59432968931165,0.0,False
514 Disease chips variable long test 1_CLEANED,Variable,d19,POOR,EXCLUDE,Resistance too low (414Ω < 1kΩ) - not sensitive,,,413.53931990737124,0.0,False
514 Disease chips variable long test 1_CLEANED,Variable,d20,MARGINAL,CAUTION,Borderline quality - review carefully,,,44714.226115978265,0.0,False
514 Disease chips variable long test 1_CLEANED,Variable,d21,MARGINAL,CAUTION,Borderline quality - review carefully,,,2130.4743186301307,0.0,False
514 Disease chips variable long test 1_CLEANED,Variable,d22,DEAD,EXCLUDE,No measurable signal variation,,,19.70442141486866,0.0,False
514 Disease chips variable long test 1_CLEANED,Variable,d23,POOR,EXCLUDE,Resistance too low (9Ω < 1kΩ) - not sensitive,,,8.850824448823536,0.0,False
514 Disease chips variable long test 1_CLEANED,Variable,d24,POOR,EXCLUDE,Resistance too low (148Ω < 1kΩ) - not sensitive,,,148.28922223094793,0.0,False
514 Disease chips variable long test 1_CLEANED,Variable,d25,POOR,EXCLUDE,Resistance too low (78Ω < 1kΩ) - not sensitive,,,77.73454365242951,0.0,False
514 Disease chips variable long test 1_CLEANED,Variable,d26,DEAD,EXCLUDE,No measurable signal variation,,,4.699587908328684,0.0,False
514 Disease chips variable long test 1_CLEANED,Variable,d27,POOR,EXCLUDE,Resistance too low (92Ω < 1kΩ) - not sensitive,,,91.79857989707504,0.0,False
514 Disease chips variable long test 1_CLEANED,Variable,d28,DEAD,EXCLUDE,No measurable signal variation,,,10.522935348953121,0.0,False
514 Disease chips variable long test 1_CLEANED,Variable,d29,POOR,EXCLUDE,Resistance too high (9.37e+07Ω > 1MΩ) - not sensitive,,,93677192.64465195,0.0,False
514 Disease chips variable long test 1_CLEANED,Variable,d30,POOR,EXCLUDE,Resistance too high (9.37e+07Ω > 1MΩ) - not sensitive,,,93677609.8328038,0.0,False
514 Disease chips variable long test 1_CLEANED,Variable,d31,POOR,EXCLUDE,Resistance too high (9.37e+07Ω > 1MΩ) - not sensitive,,,93677866.56397416,0.0,False
514 Disease chips variable long test 1_CLEANED,Variable,d32,POOR,EXCLUDE,Resistance too high (9.37e+07Ω > 1MΩ) - not sensitive,,,93677802.38118157,0.0,False
514 Disease chips variable long test 1_CLEANED,Variable,d33,POOR,EXCLUDE,Resistance too low (123Ω < 1kΩ) - not sensitive,,,123.18184064440618,0.0,False
514 Disease chips variable long test 1_CLEANED,Variable,d34,POOR,EXCLUDE,Resistance too low (232Ω < 1kΩ) - not sensitive,,,232.09055115905215,0.0,False
514 Disease chips variable long test 1_CLEANED,Variable,d35,POOR,EXCLUDE,Resistance too low (5Ω < 1kΩ) - not sensitive,,,5.210609436860435,0.0,False
514 Disease chips variable long test 1_CLEANED,Variable,d36,POOR,EXCLUDE,Resistance too low (138Ω < 1kΩ) - not sensitive,,,138.46353777410633,0.0,False
514 Disease chips variable long test 1_CLEANED,Variable,d37,MARGINAL,CAUTION,Borderline quality - review carefully,,,4188.180792842162,0.0,False
514 Disease chips variable long test 1_CLEANED,Variable,d38,POOR,EXCLUDE,Resistance too high (9.20e+07Ω > 1MΩ) - not sensitive,,,91980487.03352305,0.0,False
514 Disease chips variable long test 1_CLEANED,Variable,d39,POOR,EXCLUDE,Resistance too high (9.20e+07Ω > 1MΩ) - not sensitive,,,91981024.66793165,0.0,False
514 Disease chips variable long test 1_CLEANED,Variable,d40,MARGINAL,CAUTION,Borderline quality - review carefully,,,20325.412716860086,0.0,False
514 Disease chips variable long test 1_CLEANED,Variable,d41,POOR,EXCLUDE,Resistance too low (847Ω < 1kΩ) - not sensitive,,,847.2830425542219,0.0,False
514 Disease chips variable long test 1_CLEANED,Variable,d42,MARGINAL,CAUTION,Borderline quality - review carefully,,,1235.1800448686206,0.0,False
514 Disease chips variable long test 1_CLEANED,Variable,d43,POOR,EXCLUDE,Resistance too low (543Ω < 1kΩ) - not sensitive,,,543.1897087456276,0.0,False
514 Disease chips variable long test 1_CLEANED,Variable,d44,POOR,EXCLUDE,Resistance too low (704Ω < 1kΩ) - not sensitive,,,703.637710001388,0.0,False
514 Disease chips variable long test 1_CLEANED,Variable,d45,POOR,EXCLUDE,Resistance too low (657Ω < 1kΩ) - not sensitive,,,656.7804957301404,0.0,False
514 Disease chips variable long test 1_CLEANED,Variable,d46,MARGINAL,CAUTION,Borderline quality - review carefully,,,5084.911010558065,0.0,False
514 Disease chips variable long test 1_CLEANED,Variable,d47,MARGINAL,CAUTION,Borderline quality - review carefully,,,27726.12787694442,0.0,False
514 Disease chips variable long test 1_CLEANED,Variable,d48,POOR,EXCLUDE,Resistance too low (724Ω < 1kΩ) - not sensitive,,,723.5283154970582,0.0,False
514 Disease chips variable long test 1_CLEANED,Variable,d49,MARGINAL,CAUTION,Borderline quality - review carefully,,,37632.77558455906,0.0,False
514 Disease chips variable long test 1_CLEANED,Variable,d50,MARGINAL,CAUTION,Borderline quality - review carefully,,,11863.289740572118,0.0,False
514 Disease chips variable long test 1_CLEANED,Variable,d51,MARGINAL,CAUTION,Borderline quality - review carefully,,,18653.34426453503,0.0,False
514 Disease chips variable long test 1_CLEANED,Variable,d52,MARGINAL,CAUTION,Borderline quality - review carefully,,,10134.35208805938,0.0,False
514 Disease chips variable long test 1_CLEANED,Variable,d53,POOR,EXCLUDE,Resistance too low (292Ω < 1kΩ) - not sensitive,,,292.39987759003446,0.0,False
514 Disease chips variable long test 1_CLEANED,Variable,d54,POOR,EXCLUDE,Resistance too low (900Ω < 1kΩ) - not sensitive,,,899.9551491519524,0.0,False
514 Disease chips variable long test 1_CLEANED,Variable,d55,POOR,EXCLUDE,Resistance too low (89Ω < 1kΩ) - not sensitive,,,88.77689505222351,0.0,False
514 Disease chips variable long test 1_CLEANED,Variable,d56,POOR,EXCLUDE,Resistance too low (305Ω < 1kΩ) - not sensitive,,,304.89152204771,0.0,False
514 Disease chips variable long test 1_CLEANED,Variable,d57,MARGINAL,CAUTION,Borderline quality - review carefully,,,440943.1937954036,0.0,False
514 Disease chips variable long test 1_CLEANED,Variable,d58,DEAD,EXCLUDE,Sensor saturated or unstable,,,92557314.01150405,0.0,False
514 Disease chips variable long test 1_CLEANED,Variable,d59,POOR,EXCLUDE,Resistance too high (9.31e+07Ω > 1MΩ) - not sensitive,,,93099891.4223669,0.0,False
514 Disease chips variable long test 1_CLEANED,Variable,d60,MARGINAL,CAUTION,Borderline quality - review carefully,,,91802.87960594859,0.0,False
514 Disease chips variable long test 1_CLEANED,Variable,d61,POOR,EXCLUDE,Resistance too high (9.20e+07Ω > 1MΩ) - not sensitive,,,91980487.03352305,0.0,False
514 Disease chips variable long test 1_CLEANED,Variable,d62,POOR,EXCLUDE,Resistance too high (9.20e+07Ω > 1MΩ) - not sensitive,,,91980328.9057558,0.0,False
514 Disease chips variable long test 1_CLEANED,Variable,d63,POOR,EXCLUDE,Resistance too high (9.20e+07Ω > 1MΩ) - not sensitive,,,91980834.91461095,0.0,False
514 Disease chips variable long test 1_CLEANED,Variable,d64,POOR,EXCLUDE,Resistance too high (9.20e+07Ω > 1MΩ) - not sensitive,,,91981024.66793165,0.0,False
514 Disease chips variable long test 2_CLEANED,Variable,d1,MARGINAL,CAUTION,Borderline quality - review carefully,,,1000.4358093384777,0.0,False
514 Disease chips variable long test 2_CLEANED,Variable,d2,POOR,EXCLUDE,Resistance too low (87Ω < 1kΩ) - not sensitive,,,86.96332285191778,0.0,False
514 Disease chips variable long test 2_CLEANED,Variable,d3,POOR,EXCLUDE,Resistance too low (36Ω < 1kΩ) - not sensitive,,,35.594123254640216,0.0,False
514 Disease chips variable long test 2_CLEANED,Variable,d4,MARGINAL,CAUTION,Borderline quality - review carefully,,,307282.5913515235,0.0,False
514 Disease chips variable long test 2_CLEANED,Variable,d5,MARGINAL,CAUTION,Borderline quality - review carefully,,,2971.949665814304,0.0,False
514 Disease chips variable long test 2_CLEANED,Variable,d6,DEAD,EXCLUDE,Sensor saturated or unstable,,,93251377.67525306,0.0,False
514 Disease chips variable long test 2_CLEANED,Variable,d7,POOR,EXCLUDE,Resistance too high (9.35e+07Ω > 1MΩ) - not sensitive,,,93519095.21978718,0.0,False
514 Disease chips variable long test 2_CLEANED,Variable,d8,MARGINAL,CAUTION,Borderline quality - review carefully,,,11084.443524262231,0.0,False
514 Disease chips variable long test 2_CLEANED,Variable,d9,POOR,EXCLUDE,Resistance too low (978Ω < 1kΩ) - not sensitive,,,977.8654531784623,0.0,False
514 Disease chips variable long test 2_CLEANED,Variable,d10,MARGINAL,CAUTION,Borderline quality - review carefully,,,1738.492070956935,0.0,False
514 Disease chips variable long test 2_CLEANED,Variable,d11,POOR,EXCLUDE,Resistance too low (65Ω < 1kΩ) - not sensitive,,,64.5763154473915,0.0,False
514 Disease chips variable long test 2_CLEANED,Variable,d12,POOR,EXCLUDE,Resistance too low (470Ω < 1kΩ) - not sensitive,,,470.1607156994693,0.0,False
514 Disease chips variable long test 2_CLEANED,Variable,d13,MARGINAL,CAUTION,Borderline quality - review carefully,,,934548.3077719532,0.0,False
514 Disease chips variable long test 2_CLEANED,Variable,d14,POOR,EXCLUDE,Resistance too low (856Ω < 1kΩ) - not sensitive,,,856.0552344191444,0.0,False
514 Disease chips variable long test 2_CLEANED,Variable,d15,MARGINAL,CAUTION,Borderline quality - review carefully,,,325836.77443179855,0.0,False
514 Disease chips variable long test 2_CLEANED,Variable,d16,DEAD,EXCLUDE,Sensor saturated or unstable,,,4575778.317570816,0.0,False
514 Disease chips variable long test 2_CLEANED,Variable,d17,POOR,EXCLUDE,Resistance too low (943Ω < 1kΩ) - not sensitive,,,943.0939104753925,0.0,False
514 Disease chips variable long test 2_CLEANED,Variable,d18,POOR,EXCLUDE,Resistance too low (154Ω < 1kΩ) - not sensitive,,,154.44126109898278,0.0,False
514 Disease chips variable long test 2_CLEANED,Variable,d19,POOR,EXCLUDE,Resistance too low (413Ω < 1kΩ) - not sensitive,,,413.3702435589223,0.0,False
514 Disease chips variable long test 2_CLEANED,Variable,d20,MARGINAL,CAUTION,Borderline quality - review carefully,,,44660.706621246405,0.0,False
514 Disease chips variable long test 2_CLEANED,Variable,d21,MARGINAL,CAUTION,Borderline quality - review carefully,,,1807.2455412768918,0.0,False
514 Disease chips variable long test 2_CLEANED,Variable,d22,POOR,EXCLUDE,Resistance too low (57Ω < 1kΩ) - not sensitive,,,57.289549096208596,0.0,False
514 Disease chips variable long test 2_CLEANED,Variable,d23,MARGINAL,CAUTION,Borderline quality - review carefully,,,,0.0,False
514 Disease chips variable long test 2_CLEANED,Variable,d24,POOR,EXCLUDE,Resistance too low (148Ω < 1kΩ) - not sensitive,,,148.1460161470932,0.0,False
514 Disease chips variable long test 2_CLEANED,Variable,d25,POOR,EXCLUDE,Resistance too low (70Ω < 1kΩ) - not sensitive,,,69.90687957372701,0.0,False
514 Disease chips variable long test 2_CLEANED,Variable,d26,DEAD,EXCLUDE,No measurable signal variation,,,4.229566585906273,0.0,False
514 Disease chips variable long test 2_CLEANED,Variable,d27,POOR,EXCLUDE,Resistance too low (80Ω < 1kΩ) - not sensitive,,,79.77450378391102,0.0,False
514 Disease chips variable long test 2_CLEANED,Variable,d28,POOR,EXCLUDE,Resistance too low (11Ω < 1kΩ) - not sensitive,,,11.447779609652939,0.0,False
514 Disease chips variable long test 2_CLEANED,Variable,d29,POOR,EXCLUDE,Resistance too high (9.35e+07Ω > 1MΩ) - not sensitive,,,93515795.20697162,0.0,False
514 Disease chips variable long test 2_CLEANED,Variable,d30,POOR,EXCLUDE,Resistance too high (9.35e+07Ω > 1MΩ) - not sensitive,,,93518838.90811218,0.0,False
514 Disease chips variable long test 2_CLEANED,Variable,d31,POOR,EXCLUDE,Resistance too high (9.35e+07Ω > 1MΩ) - not sensitive,,,93519031.14186844,0.0,False
514 Disease chips variable long test 2_CLEANED,Variable,d32,POOR,EXCLUDE,Resistance too high (9.35e+07Ω > 1MΩ) - not sensitive,,,93519223.37562467,0.0,False
514 Disease chips variable long test 2_CLEANED,Variable,d33,POOR,EXCLUDE,Resistance too low (134Ω < 1kΩ) - not sensitive,,,134.35183260583335,0.0,False
514 Disease chips variable long test 2_CLEANED,Variable,d34,POOR,EXCLUDE,Resistance too low (232Ω < 1kΩ) - not sensitive,,,232.08309654606245,0.0,False
514 Disease chips variable long test 2_CLEANED,Variable,d35,POOR,EXCLUDE,Resistance too low (16Ω < 1kΩ) - not sensitive,,,16.299100728941657,0.0,False
514 Disease chips variable long test 2_CLEANED,Variable,d36,POOR,EXCLUDE,Resistance too low (113Ω < 1kΩ) - not sensitive,,,112.95630584614543,0.0,False
514 Disease chips variable long test 2_CLEANED,Variable,d37,MARGINAL,CAUTION,Borderline quality - review carefully,,,4181.609699978802,0.0,False
514 Disease chips variable long test 2_CLEANED,Variable,d38,POOR,EXCLUDE,Resistance too high (9.20e+07Ω > 1MΩ) - not sensitive,,,91980708.41239718,0.0,False
514 Disease chips variable long test 2_CLEANED,Variable,d39,POOR,EXCLUDE,Resistance too high (9.20e+07Ω > 1MΩ) - not sensitive,,,91981562.30234027,0.0,False
514 Disease chips variable long test 2_CLEANED,Variable,d40,MARGINAL,CAUTION,Borderline quality - review carefully,,,20335.314142883635,0.0,False
514 Disease chips variable long test 2_CLEANED,Variable,d41,POOR,EXCLUDE,Resistance too low (849Ω < 1kΩ) - not sensitive,,,848.9963003273591,0.0,False
514 Disease chips variable long test 2_CLEANED,Variable,d42,MARGINAL,CAUTION,Borderline quality - review carefully,,,1239.653498562486,0.0,False
514 Disease chips variable long test 2_CLEANED,Variable,d43,POOR,EXCLUDE,Resistance too low (531Ω < 1kΩ) - not sensitive,,,531.2396623874972,0.0,False
514 Disease chips variable long test 2_CLEANED,Variable,d44,POOR,EXCLUDE,Resistance too low (705Ω < 1kΩ) - not sensitive,,,704.5208045115296,0.0,False
514 Disease chips variable long test 2_CLEANED,Variable,d45,POOR,EXCLUDE,Resistance too low (658Ω < 1kΩ) - not sensitive,,,658.4522580809863,0.0,False
514 Disease chips variable long test 2_CLEANED,Variable,d46,MARGINAL,CAUTION,Borderline quality - review carefully,,,5123.98454451431,0.0,False
514 Disease chips variable long test 2_CLEANED,Variable,d47,MARGINAL,CAUTION,Borderline quality - review carefully,,,27514.064428923848,0.0,False
514 Disease chips variable long test 2_CLEANED,Variable,d48,POOR,EXCLUDE,Resistance too low (724Ω < 1kΩ) - not sensitive,,,723.9913564279318,0.0,False
514 Disease chips variable long test 2_CLEANED,Variable,d49,MARGINAL,CAUTION,Borderline quality - review carefully,,,37572.27640219963,0.0,False
514 Disease chips variable long test 2_CLEANED,Variable,d50,MARGINAL,CAUTION,Borderline quality - review carefully,,,11880.838694796941,0.0,False
514 Disease chips variable long test 2_CLEANED,Variable,d51,MARGINAL,CAUTION,Borderline quality - review carefully,,,18618.570206757933,0.0,False
514 Disease chips variable long test 2_CLEANED,Variable,d52,MARGINAL,CAUTION,Borderline quality - review carefully,,,8014.660318375037,0.0,False
514 Disease chips variable long test 2_CLEANED,Variable,d53,POOR,EXCLUDE,Resistance too low (292Ω < 1kΩ) - not sensitive,,,292.19560643978207,0.0,False
514 Disease chips variable long test 2_CLEANED,Variable,d54,POOR,EXCLUDE,Resistance too low (906Ω < 1kΩ) - not sensitive,,,906.2670696823809,0.0,False
514 Disease chips variable long test 2_CLEANED,Variable,d55,MARGINAL,CAUTION,Borderline quality - review carefully,,,,0.0,False
514 Disease chips variable long test 2_CLEANED,Variable,d56,POOR,EXCLUDE,Resistance too low (303Ω < 1kΩ) - not sensitive,,,303.1736548547185,0.0,False
514 Disease chips variable long test 2_CLEANED,Variable,d57,DEAD,EXCLUDE,Sensor saturated or unstable,,,447589.4471651007,0.0,False
514 Disease chips variable long test 2_CLEANED,Variable,d58,POOR,EXCLUDE,Resistance too high (9.20e+07Ω > 1MΩ) - not sensitive,,,91965528.14674251,0.0,False
514 Disease chips variable long test 2_CLEANED,Variable,d59,POOR,EXCLUDE,Resistance too high (9.31e+07Ω > 1MΩ) - not sensitive,,,93127834.19556743,0.0,False
514 Disease chips variable long test 2_CLEANED,Variable,d60,MARGINAL,CAUTION,Borderline quality - review carefully,,,93288.71189585127,0.0,False
514 Disease chips variable long test 2_CLEANED,Variable,d61,POOR,EXCLUDE,Resistance too high (9.20e+07Ω > 1MΩ) - not sensitive,,,91980898.16571787,0.0,False
514 Disease chips variable long test 2_CLEANED,Variable,d62,POOR,EXCLUDE,Resistance too high (9.20e+07Ω > 1MΩ) - not sensitive,,,91980550.28462994,0.0,False
514 Disease chips variable long test 2_CLEANED,Variable,d63,POOR,EXCLUDE,Resistance too high (9.20e+07Ω > 1MΩ) - not sensitive,,,91980898.16571786,0.0,False
514 Disease chips variable long test 2_CLEANED,Variable,d64,POOR,EXCLUDE,Resistance too high (9.20e+07Ω > 1MΩ) - not sensitive,,,91980834.91461098,0.0,False
514 Disease chips variable long test 3_CLEANED,Variable,d1,MARGINAL,CAUTION,Borderline quality - review carefully,,,1000.1120652553559,0.0,False
514 Disease chips variable long test 3_CLEANED,Variable,d2,POOR,EXCLUDE,Resistance too low (91Ω < 1kΩ) - not sensitive,,,90.50729817480826,0.0,False
514 Disease chips variable long test 3_CLEANED,Variable,d3,POOR,EXCLUDE,Resistance too low (203Ω < 1kΩ) - not sensitive,,,203.4712189960725,0.0,False
514 Disease chips variable long test 3_CLEANED,Variable,d4,MARGINAL,CAUTION,Borderline quality - review carefully,,,307293.65271302086,0.0,False
514 Disease chips variable long test 3_CLEANED,Variable,d5,MARGINAL,CAUTION,Borderline quality - review carefully,,,2968.835895691238,0.0,False
514 Disease chips variable long test 3_CLEANED,Variable,d6,DEAD,EXCLUDE,Sensor saturated or unstable,,,93232987.31257205,0.0,False
514 Disease chips variable long test 3_CLEANED,Variable,d7,POOR,EXCLUDE,Resistance too high (9.35e+07Ω > 1MΩ) - not sensitive,,,93521786.49237469,0.0,False
514 Disease chips variable long test 3_CLEANED,Variable,d8,MARGINAL,CAUTION,Borderline quality - review carefully,,,11096.667137737868,0.0,False
514 Disease chips variable long test 3_CLEANED,Variable,d9,POOR,EXCLUDE,Resistance too low (979Ω < 1kΩ) - not sensitive,,,979.3423145188638,0.0,False
514 Disease chips variable long test 3_CLEANED,Variable,d10,MARGINAL,CAUTION,Borderline quality - review carefully,,,1739.2049087098364,0.0,False
514 Disease chips variable long test 3_CLEANED,Variable,d11,POOR,EXCLUDE,Resistance too low (64Ω < 1kΩ) - not sensitive,,,63.80871712536289,0.0,False
514 Disease chips variable long test 3_CLEANED,Variable,d12,POOR,EXCLUDE,Resistance too low (470Ω < 1kΩ) - not sensitive,,,470.4104100962866,0.0,False
514 Disease chips variable long test 3_CLEANED,Variable,d13,MARGINAL,CAUTION,Borderline quality - review carefully,,,934776.0952565836,0.0,False
514 Disease chips variable long test 3_CLEANED,Variable,d14,POOR,EXCLUDE,Resistance too low (857Ω < 1kΩ) - not sensitive,,,856.6237021124232,0.0,False
514 Disease chips variable long test 3_CLEANED,Variable,d15,MARGINAL,CAUTION,Borderline quality - review carefully,,,324616.3789631668,0.0,False
514 Disease chips variable long test 3_CLEANED,Variable,d16,DEAD,EXCLUDE,Sensor saturated or unstable,,,4566454.951776047,0.0,False
514 Disease chips variable long test 3_CLEANED,Variable,d17,POOR,EXCLUDE,Resistance too low (945Ω < 1kΩ) - not sensitive,,,944.9640216576893,0.0,False
514 Disease chips variable long test 3_CLEANED,Variable,d18,POOR,EXCLUDE,Resistance too low (155Ω < 1kΩ) - not sensitive,,,154.63291629575244,0.0,False
514 Disease chips variable long test 3_CLEANED,Variable,d19,POOR,EXCLUDE,Resistance too low (413Ω < 1kΩ) - not sensitive,,,413.39571997927993,0.0,False
514 Disease chips variable long test 3_CLEANED,Variable,d20,MARGINAL,CAUTION,Borderline quality - review carefully,,,44148.35127577102,0.0,False
514 Disease chips variable long test 3_CLEANED,Variable,d21,MARGINAL,CAUTION,Borderline quality - review carefully,,,1765.1114113327485,0.0,False
514 Disease chips variable long test 3_CLEANED,Variable,d22,POOR,EXCLUDE,Resistance too low (234Ω < 1kΩ) - not sensitive,,,234.2401686318419,0.0,False
514 Disease chips variable long test 3_CLEANED,Variable,d23,MARGINAL,CAUTION,Borderline quality - review carefully,,,,0.0,False
514 Disease chips variable long test 3_CLEANED,Variable,d24,POOR,EXCLUDE,Resistance too low (149Ω < 1kΩ) - not sensitive,,,148.52865770613016,0.0,False
514 Disease chips variable long test 3_CLEANED,Variable,d25,MARGINAL,CAUTION,Borderline quality - review carefully,,,,0.0,False
514 Disease chips variable long test 3_CLEANED,Variable,d26,POOR,EXCLUDE,Resistance too low (5Ω < 1kΩ) - not sensitive,,,5.228389803853557,0.0,False
514 Disease chips variable long test 3_CLEANED,Variable,d27,POOR,EXCLUDE,Resistance too low (163Ω < 1kΩ) - not sensitive,,,162.9511381706354,0.0,False
514 Disease chips variable long test 3_CLEANED,Variable,d28,MARGINAL,CAUTION,Borderline quality - review carefully,,,,0.0,False
514 Disease chips variable long test 3_CLEANED,Variable,d29,POOR,EXCLUDE,Resistance too high (9.35e+07Ω > 1MΩ) - not sensitive,,,93518967.06394975,0.0,False
514 Disease chips variable long test 3_CLEANED,Variable,d30,POOR,EXCLUDE,Resistance too high (9.35e+07Ω > 1MΩ) - not sensitive,,,93522459.31052156,0.0,False
514 Disease chips variable long test 3_CLEANED,Variable,d31,POOR,EXCLUDE,Resistance too high (9.35e+07Ω > 1MΩ) - not sensitive,,,93522299.11572468,0.0,False
514 Disease chips variable long test 3_CLEANED,Variable,d32,POOR,EXCLUDE,Resistance too high (9.35e+07Ω > 1MΩ) - not sensitive,,,93522299.1157247,0.0,False
514 Disease chips variable long test 3_CLEANED,Variable,d33,POOR,EXCLUDE,Resistance too low (160Ω < 1kΩ) - not sensitive,,,160.33818890332114,0.0,False
514 Disease chips variable long test 3_CLEANED,Variable,d34,POOR,EXCLUDE,Resistance too low (233Ω < 1kΩ) - not sensitive,,,232.50521524748672,0.0,False
514 Disease chips variable long test 3_CLEANED,Variable,d35,POOR,EXCLUDE,Resistance too low (7Ω < 1kΩ) - not sensitive,,,6.58553877982728,0.0,False
514 Disease chips variable long test 3_CLEANED,Variable,d36,POOR,EXCLUDE,Resistance too low (138Ω < 1kΩ) - not sensitive,,,138.0633593150175,0.0,False
514 Disease chips variable long test 3_CLEANED,Variable,d37,MARGINAL,CAUTION,Borderline quality - review carefully,,,4184.143988959566,0.0,False
514 Disease chips variable long test 3_CLEANED,Variable,d38,POOR,EXCLUDE,Resistance too high (9.20e+07Ω > 1MΩ) - not sensitive,,,91977862.11258693,0.0,False
514 Disease chips variable long test 3_CLEANED,Variable,d39,POOR,EXCLUDE,Resistance too high (9.20e+07Ω > 1MΩ) - not sensitive,,,91978431.37254898,0.0,False
514 Disease chips variable long test 3_CLEANED,Variable,d40,MARGINAL,CAUTION,Borderline quality - review carefully,,,20373.3219503901,0.0,False
514 Disease chips variable long test 3_CLEANED,Variable,d41,POOR,EXCLUDE,Resistance too low (850Ω < 1kΩ) - not sensitive,,,850.3859046581033,0.0,False
514 Disease chips variable long test 3_CLEANED,Variable,d42,MARGINAL,CAUTION,Borderline quality - review carefully,,,1242.6462115477982,0.0,False
514 Disease chips variable long test 3_CLEANED,Variable,d43,POOR,EXCLUDE,Resistance too low (521Ω < 1kΩ) - not sensitive,,,520.859121024096,0.0,False
514 Disease chips variable long test 3_CLEANED,Variable,d44,POOR,EXCLUDE,Resistance too low (705Ω < 1kΩ) - not sensitive,,,704.8799500086966,0.0,False
514 Disease chips variable long test 3_CLEANED,Variable,d45,POOR,EXCLUDE,Resistance too low (659Ω < 1kΩ) - not sensitive,,,659.0412358487755,0.0,False
514 Disease chips variable long test 3_CLEANED,Variable,d46,MARGINAL,CAUTION,Borderline quality - review carefully,,,5146.380933850934,0.0,False
514 Disease chips variable long test 3_CLEANED,Variable,d47,MARGINAL,CAUTION,Borderline quality - review carefully,,,27386.53397594892,0.0,False
514 Disease chips variable long test 3_CLEANED,Variable,d48,POOR,EXCLUDE,Resistance too low (724Ω < 1kΩ) - not sensitive,,,724.4865240002808,0.0,False
514 Disease chips variable long test 3_CLEANED,Variable,d49,MARGINAL,CAUTION,Borderline quality - review carefully,,,37518.65347909072,0.0,False
514 Disease chips variable long test 3_CLEANED,Variable,d50,MARGINAL,CAUTION,Borderline quality - review carefully,,,11978.588647771958,0.0,False
514 Disease chips variable long test 3_CLEANED,Variable,d51,MARGINAL,CAUTION,Borderline quality - review carefully,,,18590.36636033997,0.0,False
514 Disease chips variable long test 3_CLEANED,Variable,d52,MARGINAL,CAUTION,Borderline quality - review carefully,,,6262.262118430494,0.0,False
514 Disease chips variable long test 3_CLEANED,Variable,d53,POOR,EXCLUDE,Resistance too low (292Ω < 1kΩ) - not sensitive,,,292.09960008496995,0.0,False
514 Disease chips variable long test 3_CLEANED,Variable,d54,POOR,EXCLUDE,Resistance too low (897Ω < 1kΩ) - not sensitive,,,897.4792117672375,0.0,False
514 Disease chips variable long test 3_CLEANED,Variable,d55,POOR,EXCLUDE,Resistance too low (90Ω < 1kΩ) - not sensitive,,,89.67699171562387,0.0,False
514 Disease chips variable long test 3_CLEANED,Variable,d56,POOR,EXCLUDE,Resistance too low (302Ω < 1kΩ) - not sensitive,,,302.34517144173424,0.0,False
514 Disease chips variable long test 3_CLEANED,Variable,d57,MARGINAL,CAUTION,Borderline quality - review carefully,,,447879.5577331432,0.0,False
514 Disease chips variable long test 3_CLEANED,Variable,d58,DEAD,EXCLUDE,Sensor saturated or unstable,,,93292134.47205955,0.0,False
514 Disease chips variable long test 3_CLEANED,Variable,d59,POOR,EXCLUDE,Resistance too high (9.31e+07Ω > 1MΩ) - not sensitive,,,93091109.40793255,0.0,False
514 Disease chips variable long test 3_CLEANED,Variable,d60,MARGINAL,CAUTION,Borderline quality - review carefully,,,92933.68404272276,0.0,False
514 Disease chips variable long test 3_CLEANED,Variable,d61,POOR,EXCLUDE,Resistance too high (9.20e+07Ω > 1MΩ) - not sensitive,,,91977672.35926627,0.0,False
514 Disease chips variable long test 3_CLEANED,Variable,d62,POOR,EXCLUDE,Resistance too high (9.20e+07Ω > 1MΩ) - not sensitive,,,91977672.35926624,0.0,False
514 Disease chips variable long test 3_CLEANED,Variable,d63,POOR,EXCLUDE,Resistance too high (9.20e+07Ω > 1MΩ) - not sensitive,,,91978020.24035417,0.0,False
514 Disease chips variable long test 3_CLEANED,Variable,d64,POOR,EXCLUDE,Resistance too high (9.20e+07Ω > 1MΩ) - not sensitive,,,91978051.86590761,0.0,False
